source_dataset,target_dataset,feature_set,model,n_source_rows,n_target_rows,n_common_features,accuracy,precision,recall,f1,mcc,balanced_acc,auc_roc,pr_auc
aeeem_eclipse,aeeem_equinox,static,logistic_regression,997,324,17,0.6635802469135802,0.6851851851851852,0.2868217054263566,0.40437158469945356,0.2622320593514444,0.5998211091234347,0.6034585569469291,0.5670797406920898
aeeem_eclipse,aeeem_equinox,static,random_forest,997,324,17,0.6759259259259259,0.74,0.2868217054263566,0.4134078212290503,0.2983187200523318,0.610077519379845,0.6544027032399125,0.6108156228066026
aeeem_eclipse,aeeem_equinox,static,xgboost,997,324,17,0.6820987654320988,0.8095238095238095,0.26356589147286824,0.39766081871345027,0.3243183590358893,0.6112701252236137,0.6578612601868414,0.6301418182262284
aeeem_eclipse,aeeem_equinox,static,lightgbm,997,324,17,0.6728395061728395,0.7555555555555555,0.26356589147286824,0.39080459770114945,0.29322470214959456,0.6035778175313059,0.6440866626913138,0.6110210312726672
aeeem_eclipse,aeeem_lucene,static,logistic_regression,997,691,17,0.8422575976845152,0.10526315789473684,0.09375,0.09917355371900827,0.013077463861843054,0.5062051435406698,0.46516148325358847,0.09224327211192188
aeeem_eclipse,aeeem_lucene,static,random_forest,997,691,17,0.8784370477568741,0.2222222222222222,0.125,0.16,0.10480919258717918,0.5401714513556619,0.6143590510366826,0.1852755296137697
aeeem_eclipse,aeeem_lucene,static,xgboost,997,691,17,0.8798842257597684,0.22857142857142856,0.125,0.16161616161616163,0.10832335675678968,0.5409688995215312,0.5787978468899522,0.17925028033407342
aeeem_eclipse,aeeem_lucene,static,lightgbm,997,691,17,0.8683068017366136,0.18604651162790697,0.125,0.14953271028037382,0.0830183263307421,0.5345893141945773,0.5903359250398724,0.18894963172426765
aeeem_eclipse,aeeem_pde,static,logistic_regression,997,1497,17,0.7995991983967936,0.29777777777777775,0.32057416267942584,0.3087557603686636,0.19193289637183117,0.5989516776130048,0.5983925971054118,0.25824809478001637
aeeem_eclipse,aeeem_pde,static,random_forest,997,1497,17,0.8483633934535738,0.41818181818181815,0.22009569377990432,0.2884012539184953,0.22635079694696428,0.5852031263930577,0.6804232666646853,0.29588552789968026
aeeem_eclipse,aeeem_pde,static,xgboost,997,1497,17,0.8463593854375417,0.39805825242718446,0.19617224880382775,0.26282051282051283,0.2026969677630304,0.5740178014205474,0.679076644179619,0.29264889746253825
aeeem_eclipse,aeeem_pde,static,lightgbm,997,1497,17,0.8430193720774883,0.39166666666666666,0.22488038277511962,0.2857142857142857,0.21468819222298174,0.5841016820707896,0.6637158607982407,0.271924980902128
aeeem_eclipse,aeeem_mylyn,static,logistic_regression,997,1862,17,0.8485499462943072,0.36496350364963503,0.20408163265306123,0.2617801047120419,0.19457161001045187,0.575139146567718,0.6199247788169071,0.2561363860894676
aeeem_eclipse,aeeem_mylyn,static,random_forest,997,1862,17,0.8657357679914071,0.4666666666666667,0.14285714285714285,0.21875,0.20308062509856828,0.5590599876314162,0.6516249542488611,0.2751686051065657
aeeem_eclipse,aeeem_mylyn,static,xgboost,997,1862,17,0.8678839957035446,0.4931506849315068,0.1469387755102041,0.22641509433962265,0.216068949558294,0.5620284477427335,0.6264712935266872,0.28124798273070095
aeeem_eclipse,aeeem_mylyn,static,lightgbm,997,1862,17,0.8619763694951665,0.43023255813953487,0.1510204081632653,0.22356495468277945,0.19441829905586905,0.5603586889301175,0.6342672876200572,0.2792053265004598
aeeem_equinox,aeeem_lucene,static,logistic_regression,324,691,17,0.5586107091172214,0.13149847094801223,0.671875,0.21994884910485935,0.12711401610814776,0.609462220893142,0.6512659489633172,0.17326992869119234
aeeem_equinox,aeeem_lucene,static,random_forest,324,691,17,0.5369030390738061,0.12352941176470589,0.65625,0.2079207920792079,0.10493961593746257,0.5904854465709729,0.639815091706539,0.16143550321991398
aeeem_equinox,aeeem_lucene,static,xgboost,324,691,17,0.5426917510853835,0.12048192771084337,0.625,0.20202020202020202,0.09242655006406561,0.5796451355661882,0.6077551834130781,0.13871794960799527
aeeem_equinox,aeeem_lucene,static,lightgbm,324,691,17,0.5369030390738061,0.12130177514792899,0.640625,0.20398009950248755,0.09681452467152282,0.583470394736842,0.606359649122807,0.12383230026653472
aeeem_equinox,aeeem_eclipse,static,logistic_regression,324,997,17,0.38515546639919757,0.24076433121019108,0.9174757281553398,0.38143289606458125,0.16227835658826684,0.5819995581358242,0.6227216378432119,0.31247588563621975
aeeem_equinox,aeeem_eclipse,static,random_forest,324,997,17,0.43430290872617855,0.25,0.8689320388349514,0.3882863340563991,0.17102815514068265,0.5950222773188664,0.6944018263719269,0.4430873774969572
aeeem_equinox,aeeem_eclipse,static,xgboost,324,997,17,0.3971915747241725,0.23841059602649006,0.8737864077669902,0.37460978147762747,0.13868825629416148,0.5734292342248352,0.6508536570397555,0.332293677283757
aeeem_equinox,aeeem_eclipse,static,lightgbm,324,997,17,0.3981945837512538,0.24010554089709762,0.883495145631068,0.3775933609958506,0.14728824875651603,0.5776514919052937,0.6665766572975096,0.3982905087721188
aeeem_equinox,aeeem_pde,static,logistic_regression,324,1497,17,0.5591182364729459,0.16789396170839468,0.5454545454545454,0.25675675675675674,0.074344683245808,0.5533949745906268,0.5512830990519778,0.15263379856184633
aeeem_equinox,aeeem_pde,static,random_forest,324,1497,17,0.47628590514362057,0.1581450653983353,0.6363636363636364,0.25333333333333335,0.06054398121036497,0.5433370976849238,0.5824355850099557,0.178705805695802
aeeem_equinox,aeeem_pde,static,xgboost,324,1497,17,0.48296593186372744,0.15922798552472858,0.631578947368421,0.2543352601156069,0.06304890204236509,0.5452149395227198,0.557442271687123,0.1559432340764077
aeeem_equinox,aeeem_pde,static,lightgbm,324,1497,17,0.48697394789579157,0.16203143893591293,0.6411483253588517,0.25868725868725867,0.07186542544811736,0.551552423548991,0.5614561353977829,0.16334540124299804
aeeem_equinox,aeeem_mylyn,static,logistic_regression,324,1862,17,0.6740064446831364,0.1813380281690141,0.4204081632653061,0.25338253382533826,0.09752613274160016,0.5664192949907235,0.5896343695177515,0.19802019067710083
aeeem_equinox,aeeem_mylyn,static,random_forest,324,1862,17,0.5998925886143931,0.18513853904282115,0.6,0.2829643888354187,0.13661661069460024,0.5999381570810143,0.6284414322315197,0.2311426117082102
aeeem_equinox,aeeem_mylyn,static,xgboost,324,1862,17,0.5778732545649838,0.1689106487148103,0.563265306122449,0.2598870056497175,0.0976500096106601,0.5716759431045145,0.6150795754294296,0.19042890026841924
aeeem_equinox,aeeem_mylyn,static,lightgbm,324,1862,17,0.5714285714285714,0.17432273262661954,0.6040816326530613,0.27056672760511885,0.11576138822793165,0.5852813852813853,0.619783423573511,0.21363454022835351
aeeem_lucene,aeeem_equinox,static,logistic_regression,691,324,17,0.6666666666666666,0.64,0.37209302325581395,0.47058823529411764,0.27115225756213407,0.6168157423971378,0.6333134565692704,0.5954873955752367
aeeem_lucene,aeeem_equinox,static,random_forest,691,324,17,0.6697530864197531,0.7115384615384616,0.2868217054263566,0.4088397790055249,0.2799211011295132,0.6049493142516399,0.7797058238918705,0.6827053596359409
aeeem_lucene,aeeem_equinox,static,xgboost,691,324,17,0.7345679012345679,0.7362637362637363,0.5193798449612403,0.6090909090909091,0.431658978335385,0.6981514609421586,0.7852315643013318,0.6936487651855596
aeeem_lucene,aeeem_equinox,static,lightgbm,691,324,17,0.7037037037037037,0.7142857142857143,0.4263565891472868,0.5339805825242718,0.3605834924370515,0.6567680381633869,0.7780560524746571,0.7071225757610373
aeeem_lucene,aeeem_eclipse,static,logistic_regression,691,997,17,0.7753259779338014,0.4296875,0.2669902912621359,0.32934131736526945,0.21144867904095696,0.5873510242657076,0.5176991150442478,0.33034375032482033
aeeem_lucene,aeeem_eclipse,static,random_forest,691,997,17,0.7913741223671013,0.49264705882352944,0.32524271844660196,0.391812865497076,0.28076858830674295,0.6190056828642618,0.7134879039681857,0.4233646981550473
aeeem_lucene,aeeem_eclipse,static,xgboost,691,997,17,0.7111334002006018,0.370253164556962,0.5679611650485437,0.4482758620689655,0.27530556727332633,0.6581904434597965,0.693088507849226,0.4267616727997932
aeeem_lucene,aeeem_eclipse,static,lightgbm,691,997,17,0.7452357071213641,0.41044776119402987,0.5339805825242718,0.4641350210970464,0.30523938701063064,0.667116713512452,0.6951382666650302,0.41312911989459083
aeeem_lucene,aeeem_pde,static,logistic_regression,691,1497,17,0.7648630594522378,0.23018867924528302,0.291866028708134,0.25738396624472576,0.12120541574200036,0.566740467770216,0.5715455882789979,0.22779937686842128
aeeem_lucene,aeeem_pde,static,random_forest,691,1497,17,0.8089512358049432,0.24836601307189543,0.18181818181818182,0.20994475138121546,0.10587169552212115,0.5462662337662337,0.6241158726856667,0.22223393075064654
aeeem_lucene,aeeem_pde,static,xgboost,691,1497,17,0.7428189712758851,0.23333333333333334,0.3684210526315789,0.2857142857142857,0.14379644136446768,0.5859962406015038,0.6365047995482779,0.22702060364462087
aeeem_lucene,aeeem_pde,static,lightgbm,691,1497,17,0.7327989311957248,0.20972644376899696,0.33014354066985646,0.25650557620817843,0.10736711591949975,0.5641400933162947,0.6277396802282386,0.21241612632659176
aeeem_lucene,aeeem_mylyn,static,logistic_regression,691,1862,17,0.7588614393125671,0.18125,0.23673469387755103,0.20530973451327433,0.06693877964304272,0.5373531230674088,0.5165133214695896,0.18379198510808462
aeeem_lucene,aeeem_mylyn,static,random_forest,691,1862,17,0.855531686358754,0.3888888888888889,0.17142857142857143,0.23796033994334279,0.18888404462379105,0.5653061224489796,0.623568462635518,0.23907375351818522
aeeem_lucene,aeeem_mylyn,static,xgboost,691,1862,17,0.8297529538131042,0.3125,0.24489795918367346,0.2745995423340961,0.1814776342597813,0.5816326530612245,0.62143172667954,0.2422653976282058
aeeem_lucene,aeeem_mylyn,static,lightgbm,691,1862,17,0.8276047261009667,0.28160919540229884,0.2,0.23389021479713604,0.1424980281588916,0.56134817563389,0.629523052263577,0.24014612941232436
aeeem_mylyn,aeeem_equinox,static,logistic_regression,1862,324,17,0.6604938271604939,0.5748031496062992,0.5658914728682171,0.5703125,0.2897527286424661,0.6444841979725701,0.6659908566885312,0.6312519685463986
aeeem_mylyn,aeeem_equinox,static,random_forest,1862,324,17,0.6820987654320988,0.6756756756756757,0.3875968992248062,0.49261083743842365,0.30844999781277915,0.6322599880739416,0.7354005167958656,0.6320095416824713
aeeem_mylyn,aeeem_equinox,static,xgboost,1862,324,17,0.6049382716049383,0.5031847133757962,0.6124031007751938,0.5524475524475524,0.20804867371995486,0.6062015503875968,0.6507453786523554,0.5892732598779
aeeem_mylyn,aeeem_equinox,static,lightgbm,1862,324,17,0.6882716049382716,0.6458333333333334,0.4806201550387597,0.5511111111111111,0.32832282298757376,0.6531305903398926,0.6657324587557145,0.5770114967159888
aeeem_mylyn,aeeem_eclipse,static,logistic_regression,1862,997,17,0.506519558676028,0.25925925925925924,0.7475728155339806,0.385,0.1578428571482295,0.595657457071668,0.5717599695604679,0.2587261365579126
aeeem_mylyn,aeeem_eclipse,static,random_forest,1862,997,17,0.7893681043129388,0.4807692307692308,0.24271844660194175,0.3225806451612903,0.2310742226286594,0.5872252157156359,0.7104347452530285,0.3996931013036763
aeeem_mylyn,aeeem_eclipse,static,xgboost,1862,997,17,0.7091273821464393,0.3359375,0.4174757281553398,0.3722943722943723,0.18773357771413599,0.6012789513090226,0.6489941452996698,0.41923819922436933
aeeem_mylyn,aeeem_eclipse,static,lightgbm,1862,997,17,0.7763289869608826,0.453551912568306,0.4029126213592233,0.4267352185089974,0.28917724504605885,0.6382451855215838,0.6537564591950707,0.4182402992582718
aeeem_mylyn,aeeem_lucene,static,logistic_regression,1862,691,17,0.7395079594790159,0.14634146341463414,0.375,0.21052631578947367,0.10337693571507321,0.5758572567783093,0.5607057416267942,0.19800706072267832
aeeem_mylyn,aeeem_lucene,static,random_forest,1862,691,17,0.8596237337192475,0.22033898305084745,0.203125,0.21138211382113822,0.13461060473226716,0.564879884370016,0.6359399920255183,0.18454322200318893
aeeem_mylyn,aeeem_lucene,static,xgboost,1862,691,17,0.85383502170767,0.22388059701492538,0.234375,0.22900763358778625,0.14836647644400106,0.5757201953748006,0.587121212121212,0.18218198380557907
aeeem_mylyn,aeeem_lucene,static,lightgbm,1862,691,17,0.8552821997105644,0.2,0.1875,0.1935483870967742,0.11421972059114047,0.5554724880382775,0.6227073365231259,0.19741745077539108
aeeem_mylyn,aeeem_pde,static,logistic_regression,1862,1497,17,0.6993987975951904,0.2704761904761905,0.6794258373205742,0.3869209809264305,0.27749567244662793,0.6910327944366845,0.7302761597670064,0.3478370733696423
aeeem_mylyn,aeeem_pde,static,random_forest,1862,1497,17,0.8036072144288577,0.32510288065843623,0.37799043062200954,0.3495575221238938,0.2355951522744531,0.6253306190377128,0.7325737763380784,0.30900912642365963
aeeem_mylyn,aeeem_pde,static,xgboost,1862,1497,17,0.7414829659318637,0.29107981220657275,0.5933014354066986,0.3905511811023622,0.27562559302939627,0.6794146928586288,0.7203297274807572,0.3155964175828352
aeeem_mylyn,aeeem_pde,static,lightgbm,1862,1497,17,0.779559118236473,0.3149847094801223,0.49282296650717705,0.3843283582089552,0.26750524401278397,0.659454961514458,0.7208070819340842,0.32789195161106793
aeeem_pde,aeeem_equinox,static,logistic_regression,1497,324,17,0.6790123456790124,0.6262626262626263,0.4806201550387597,0.543859649122807,0.30910927595071785,0.645438282647585,0.632637646591135,0.5897432240504621
aeeem_pde,aeeem_equinox,static,random_forest,1497,324,17,0.5987654320987654,0.49411764705882355,0.32558139534883723,0.3925233644859813,0.11691671081421455,0.5525342874180084,0.5670045716557344,0.5128672763649563
aeeem_pde,aeeem_equinox,static,xgboost,1497,324,17,0.5925925925925926,0.4881889763779528,0.4806201550387597,0.484375,0.14768659507777368,0.5736434108527132,0.6271914132379248,0.5717390804133324
aeeem_pde,aeeem_equinox,static,lightgbm,1497,324,17,0.5524691358024691,0.42592592592592593,0.35658914728682173,0.3881856540084388,0.040125028212920376,0.5193202146690519,0.5362750944146293,0.4579896061987822
aeeem_pde,aeeem_eclipse,static,logistic_regression,1497,997,17,0.708124373119358,0.2727272727272727,0.24757281553398058,0.2595419847328244,0.0784515924079771,0.5378192775520725,0.47447620684153036,0.2883760663278565
aeeem_pde,aeeem_eclipse,static,random_forest,1497,997,17,0.7893681043129388,0.4838709677419355,0.2912621359223301,0.36363636363636365,0.25807760383982936,0.6051759478600273,0.710799896898359,0.43623710747255473
aeeem_pde,aeeem_eclipse,static,xgboost,1497,997,17,0.7422266800401204,0.3824884792626728,0.4029126213592233,0.39243498817966904,0.22911009582724967,0.6167534029678544,0.6558675880353,0.422833341971577
aeeem_pde,aeeem_eclipse,static,lightgbm,1497,997,17,0.7703109327983951,0.4195804195804196,0.2912621359223301,0.3438395415472779,0.21523434347042592,0.5931658340800019,0.6436426791697862,0.40651094098363505
aeeem_pde,aeeem_lucene,static,logistic_regression,1497,691,17,0.7496382054992764,0.15286624203821655,0.375,0.2171945701357466,0.11268544689841774,0.5814393939393939,0.5557216905901117,0.2291225248535763
aeeem_pde,aeeem_lucene,static,random_forest,1497,691,17,0.8523878437047757,0.2361111111111111,0.265625,0.25,0.1688115089190947,0.588952850877193,0.5875822368421052,0.17600514140620305
aeeem_pde,aeeem_lucene,static,xgboost,1497,691,17,0.743849493487699,0.16568047337278108,0.4375,0.24034334763948498,0.14339978016921692,0.6063098086124402,0.5664374003189793,0.16247131662769798
aeeem_pde,aeeem_lucene,static,lightgbm,1497,691,17,0.784370477568741,0.1487603305785124,0.28125,0.1945945945945946,0.08922554613075778,0.5584878389154705,0.5514354066985646,0.14742584730556244
aeeem_pde,aeeem_mylyn,static,logistic_regression,1497,1862,17,0.7491944146079484,0.2607758620689655,0.49387755102040815,0.34132581100141046,0.22019080116987907,0.640878169449598,0.6914202415660141,0.2855113731087834
aeeem_pde,aeeem_mylyn,static,random_forest,1497,1862,17,0.8061224489795918,0.2819548872180451,0.30612244897959184,0.29354207436399216,0.1816119217610652,0.5940012368583798,0.670394911211238,0.24249066174377942
aeeem_pde,aeeem_mylyn,static,xgboost,1497,1862,17,0.7518796992481203,0.24349881796690306,0.4204081632653061,0.3083832335329341,0.17950998498086174,0.6112554112554113,0.6811618896167002,0.2564328960778385
aeeem_pde,aeeem_mylyn,static,lightgbm,1497,1862,17,0.8007518796992481,0.27007299270072993,0.3020408163265306,0.28516377649325625,0.17018557950364513,0.5891774891774891,0.6571075183320082,0.24365483999324472
cm1,pc1,static,logistic_regression,327,705,37,0.8780141843971632,0.23404255319148937,0.18032786885245902,0.2037037037037037,0.14023663113404936,0.5622136238672233,0.7177985948477752,0.20329996429976901
cm1,pc1,static,random_forest,327,705,37,0.9035460992907801,0.3157894736842105,0.09836065573770492,0.15,0.13571664245385645,0.5390871601669891,0.8133209449139598,0.2755648573093604
cm1,pc1,static,xgboost,327,705,37,0.9035460992907801,0.29411764705882354,0.08196721311475409,0.1282051282051282,0.1160710317887782,0.5316668363710416,0.7640133387638735,0.241706149814571
cm1,pc1,static,lightgbm,327,705,37,0.8921985815602836,0.2,0.08196721311475409,0.11627906976744186,0.07739228757261211,0.5254556562468181,0.7349811628143774,0.21293524902519784
cm1,pc3,static,logistic_regression,327,1563,37,0.8829174664107485,0.31746031746031744,0.125,0.17937219730941703,0.14541902372706145,0.5471756949394155,0.703494743406985,0.21162140116486522
cm1,pc3,static,random_forest,327,1563,37,0.8963531669865643,0.46153846153846156,0.075,0.12903225806451613,0.15410666431636735,0.5325106913756237,0.7538444404846758,0.24775213613608654
cm1,pc3,static,xgboost,327,1563,37,0.891874600127959,0.3448275862068966,0.0625,0.10582010582010581,0.10997581442508189,0.5244787954383464,0.6690284212401996,0.2096571660190657
cm1,pc3,static,lightgbm,327,1563,37,0.8867562380038387,0.3111111111111111,0.0875,0.13658536585365855,0.11856438426079426,0.532702245188881,0.7037508909479685,0.21712720090511883
pc1,cm1,static,logistic_regression,705,327,37,0.5902140672782875,0.18493150684931506,0.6428571428571429,0.2872340425531915,0.15164152940487435,0.61265664160401,0.6389306599832916,0.2143009255591295
pc1,cm1,static,random_forest,705,327,37,0.7767584097859327,0.25396825396825395,0.38095238095238093,0.3047619047619048,0.18327752319349946,0.6080200501253132,0.7421052631578947,0.3227606880842146
pc1,cm1,static,xgboost,705,327,37,0.7798165137614679,0.2727272727272727,0.42857142857142855,0.3333333333333333,0.21685992916951843,0.6300751879699248,0.7399331662489558,0.3078855136668829
pc1,cm1,static,lightgbm,705,327,37,0.8226299694189603,0.3,0.2857142857142857,0.2926829268292683,0.1914277229275764,0.593734335839599,0.7242272347535506,0.3304309897896445
pc1,pc3,static,logistic_regression,705,1563,37,0.8278950735764555,0.28112449799196787,0.4375,0.3422982885085575,0.2567058822452025,0.6549581254454739,0.7437433178902352,0.23998343392968696
pc1,pc3,static,random_forest,705,1563,37,0.8829174664107485,0.3283582089552239,0.1375,0.19383259911894274,0.15777305509203085,0.5527129365645046,0.8104463649322879,0.2959232273601688
pc1,pc3,static,xgboost,705,1563,37,0.8688419705694178,0.2815533980582524,0.18125,0.22053231939163498,0.15700619454052933,0.5642529401282965,0.7888230577334283,0.2726853957839304
pc1,pc3,static,lightgbm,705,1563,37,0.8790786948176583,0.3333333333333333,0.18125,0.23481781376518218,0.1849842796113504,0.5699550071275837,0.7884466322166785,0.27950942703005194
pc3,cm1,static,logistic_regression,1563,327,37,0.6330275229357798,0.175,0.5,0.25925925925925924,0.10595359000134157,0.5763157894736842,0.6294903926482874,0.25430985835502484
pc3,cm1,static,random_forest,1563,327,37,0.7798165137614679,0.23214285714285715,0.30952380952380953,0.2653061224489796,0.14089618388879366,0.5793233082706767,0.6799916457811195,0.2023656850098604
pc3,cm1,static,xgboost,1563,327,37,0.7706422018348624,0.22950819672131148,0.3333333333333333,0.27184466019417475,0.14465642130034564,0.5842105263157895,0.6545530492898914,0.2028378184000722
pc3,cm1,static,lightgbm,1563,327,37,0.7981651376146789,0.25,0.2857142857142857,0.26666666666666666,0.1506983769271348,0.5796992481203007,0.6649958228905597,0.21335083687308257
pc3,pc1,static,logistic_regression,1563,705,37,0.7446808510638298,0.21256038647342995,0.7213114754098361,0.3283582089552239,0.28903129953260687,0.7341029426738621,0.807911617961511,0.28517180255331437
pc3,pc1,static,random_forest,1563,705,37,0.8553191489361702,0.28865979381443296,0.45901639344262296,0.35443037974683544,0.2871817251547892,0.6759367681498829,0.8516698910497912,0.27577306165327164
pc3,pc1,static,xgboost,1563,705,37,0.8397163120567376,0.25,0.4262295081967213,0.3151515151515151,0.24188699348517348,0.6525557478871805,0.8419712860197537,0.29077118160818166
pc3,pc1,static,lightgbm,1563,705,37,0.8822695035460993,0.34285714285714286,0.39344262295081966,0.366412213740458,0.3027239570801197,0.6610070257611241,0.8535790652683026,0.3221187505082114
aeeem_eclipse,aeeem_equinox,hybrid,logistic_regression,997,324,42,0.6728395061728395,0.6949152542372882,0.3178294573643411,0.43617021276595747,0.28605640735876786,0.6127608825283244,0.5229576624925463,0.5401629312955404
aeeem_eclipse,aeeem_equinox,hybrid,random_forest,997,324,42,0.6512345679012346,0.6904761904761905,0.2248062015503876,0.3391812865497076,0.2304641715335419,0.5790697674418605,0.6730669846948917,0.607034379165394
aeeem_eclipse,aeeem_equinox,hybrid,xgboost,997,324,42,0.6790123456790124,0.7450980392156863,0.29457364341085274,0.4222222222222222,0.3063397611274221,0.6139534883720931,0.6447624726694494,0.6201284505451057
aeeem_eclipse,aeeem_equinox,hybrid,lightgbm,997,324,42,0.6759259259259259,0.7857142857142857,0.2558139534883721,0.38596491228070173,0.3055475215354198,0.6048300536672631,0.6746173722917909,0.629289045054428
aeeem_eclipse,aeeem_lucene,hybrid,logistic_regression,997,691,42,0.7554269175108539,0.16129032258064516,0.390625,0.228310502283105,0.12738276622470537,0.5916442384370015,0.5785237240829346,0.2568304095499047
aeeem_eclipse,aeeem_lucene,hybrid,random_forest,997,691,42,0.8610709117221418,0.25,0.25,0.25,0.173444976076555,0.5867224880382775,0.7018789872408293,0.21412468353478387
aeeem_eclipse,aeeem_lucene,hybrid,xgboost,997,691,42,0.849493487698987,0.24358974358974358,0.296875,0.2676056338028169,0.18576462704572796,0.6013880582137161,0.6595893141945773,0.23837288747907184
aeeem_eclipse,aeeem_lucene,hybrid,lightgbm,997,691,42,0.8523878437047757,0.25,0.296875,0.2714285714285714,0.19084234592401841,0.6029829545454546,0.6567733253588517,0.23000171617892246
aeeem_equinox,aeeem_eclipse,hybrid,logistic_regression,324,997,42,0.2728184553660983,0.2182410423452769,0.9757281553398058,0.3566992014196983,0.09991867279463026,0.5327439765321027,0.694635032464743,0.35468810399960077
aeeem_equinox,aeeem_eclipse,hybrid,random_forest,324,997,42,0.4493480441323972,0.2621359223300971,0.9174757281553398,0.4077669902912621,0.2216180124722587,0.622454678236962,0.7535717354215506,0.4949469881787272
aeeem_equinox,aeeem_eclipse,hybrid,xgboost,324,997,42,0.3791374122367101,0.23761118170266837,0.9077669902912622,0.3766364551863041,0.14818052505536777,0.5746167441974642,0.6827292477262407,0.31546085527654033
aeeem_equinox,aeeem_eclipse,hybrid,lightgbm,324,997,42,0.39317953861584753,0.24191461836998707,0.9077669902912622,0.38202247191011235,0.1619381831305946,0.5834663017195881,0.7087440010801125,0.4288646378764732
aeeem_equinox,aeeem_lucene,hybrid,logistic_regression,324,691,42,0.44138929088277856,0.12383177570093458,0.828125,0.21544715447154472,0.13734891556490053,0.615019437799043,0.7159838516746412,0.2894496648230859
aeeem_equinox,aeeem_lucene,hybrid,random_forest,324,691,42,0.6743849493487699,0.19157088122605365,0.78125,0.3076923076923077,0.26592713200986223,0.7223634370015949,0.7800289074960127,0.3239390662425227
aeeem_equinox,aeeem_lucene,hybrid,xgboost,324,691,42,0.5832127351664255,0.15432098765432098,0.78125,0.25773195876288657,0.19998165447410174,0.6721242025518341,0.7397577751196172,0.23291074953737553
aeeem_equinox,aeeem_lucene,hybrid,lightgbm,324,691,42,0.5861070911722142,0.153125,0.765625,0.2552083333333333,0.19383756805026958,0.6667040470494419,0.7077850877192982,0.2150353823557354
aeeem_eclipse,aeeem_mylyn,hybrid,logistic_regression,997,1862,42,0.7851772287862513,0.1461187214611872,0.1306122448979592,0.13793103448275862,0.015703720576935275,0.5074829931972789,0.4405285676422703,0.13983666624904895
aeeem_eclipse,aeeem_mylyn,hybrid,random_forest,997,1862,42,0.8700322234156821,0.5263157894736842,0.12244897959183673,0.1986754966887417,0.2075143391598224,0.5528756957328386,0.6511491424027867,0.28338836744082085
aeeem_eclipse,aeeem_mylyn,hybrid,xgboost,997,1862,42,0.8635875402792696,0.45714285714285713,0.19591836734693877,0.2742857142857143,0.2354434693763837,0.5803339517625232,0.6487435790642788,0.29637404209652163
aeeem_eclipse,aeeem_mylyn,hybrid,lightgbm,997,1862,42,0.849624060150376,0.3722627737226277,0.20816326530612245,0.2670157068062827,0.2006569772371162,0.5774891774891775,0.6244330014009314,0.29623556423014097
aeeem_equinox,aeeem_mylyn,hybrid,logistic_regression,324,1862,42,0.2744360902255639,0.12533875338753386,0.7551020408163265,0.21499128413712956,-0.03609850707435589,0.4783549783549783,0.5272765135738897,0.16195324905921316
aeeem_equinox,aeeem_mylyn,hybrid,random_forest,324,1862,42,0.5708915145005371,0.17257683215130024,0.5959183673469388,0.2676443629697525,0.11067292869290489,0.581508967223253,0.614637840293817,0.27482968680428277
aeeem_equinox,aeeem_mylyn,hybrid,xgboost,324,1862,42,0.5220193340494093,0.15210355987055016,0.5755102040816327,0.24061433447098976,0.060457565168360046,0.5447124304267161,0.5859225322782174,0.2334016812270084
aeeem_equinox,aeeem_mylyn,hybrid,lightgbm,324,1862,42,0.5177228786251342,0.15080213903743314,0.5755102040816327,0.23898305084745763,0.057112748284909975,0.542238713667285,0.5903411457347318,0.2387135234841063
aeeem_eclipse,aeeem_pde,hybrid,logistic_regression,997,1497,42,0.7314629258517034,0.24538258575197888,0.4449760765550239,0.3163265306122449,0.17768552320933945,0.6114631935570151,0.642169901037178,0.27894767066789017
aeeem_eclipse,aeeem_pde,hybrid,random_forest,997,1497,42,0.7742150968603875,0.2857142857142857,0.41148325358851673,0.33725490196078434,0.21147728884839984,0.6222788938750037,0.6958267704835212,0.2994170625267858
aeeem_eclipse,aeeem_pde,hybrid,xgboost,997,1497,42,0.7461589846359385,0.2695417789757412,0.4784688995215311,0.3448275862068966,0.21518664692289147,0.6340325864067283,0.6911758150316503,0.3208074678782593
aeeem_eclipse,aeeem_pde,hybrid,lightgbm,997,1497,42,0.7682030728122913,0.27,0.3875598086124402,0.3182711198428291,0.18833890523800156,0.6087643763559096,0.6779324794198937,0.2950612896269801
aeeem_equinox,aeeem_pde,hybrid,logistic_regression,324,1497,42,0.38209752839011357,0.15576923076923077,0.7751196172248804,0.2594075260208166,0.07032361899821118,0.54672129929567,0.6056866474486612,0.20520757900836856
aeeem_equinox,aeeem_pde,hybrid,random_forest,324,1497,42,0.39946559786239144,0.16826923076923078,0.8373205741626795,0.28022417934347477,0.12473118635625316,0.5828683616155013,0.648213914232221,0.24561737379188392
aeeem_equinox,aeeem_pde,hybrid,xgboost,324,1497,42,0.40080160320641284,0.16536964980544747,0.8133971291866029,0.274858528698464,0.11002659678505027,0.5736240304318108,0.6054210377722964,0.19393632203982217
aeeem_equinox,aeeem_pde,hybrid,lightgbm,324,1497,42,0.43219772879091517,0.16509926854754442,0.7559808612440191,0.27101200686106347,0.09789569495861901,0.5678196231685934,0.5920718297720586,0.18721652388851526
aeeem_lucene,aeeem_eclipse,hybrid,logistic_regression,691,997,42,0.6730190571715146,0.34375,0.6407766990291263,0.44745762711864406,0.268065918554281,0.6610963141163331,0.7048991690498692,0.5164727302679655
aeeem_lucene,aeeem_eclipse,hybrid,random_forest,691,997,42,0.7773319959879639,0.4724137931034483,0.6650485436893204,0.5524193548387096,0.4204435194465613,0.7358112503528776,0.8021829317688068,0.5912264338627067
aeeem_lucene,aeeem_eclipse,hybrid,xgboost,691,997,42,0.7432296890672017,0.4208860759493671,0.6456310679611651,0.5095785440613027,0.3604931297652105,0.7071391749413917,0.7803075865624195,0.5304590509537614
aeeem_lucene,aeeem_eclipse,hybrid,lightgbm,691,997,42,0.7713139418254764,0.46308724832214765,0.6699029126213593,0.5476190476190477,0.41359473397526303,0.7338136560578351,0.7925815914474734,0.5287288290080805
aeeem_lucene,aeeem_equinox,hybrid,logistic_regression,691,324,42,0.6944444444444444,0.6630434782608695,0.4728682170542636,0.5520361990950227,0.3407666404890443,0.6569469290399523,0.6342277877161597,0.6140418931245317
aeeem_lucene,aeeem_equinox,hybrid,random_forest,691,324,42,0.6944444444444444,0.875,0.2713178294573643,0.41420118343195267,0.36558397327120584,0.6228384019081693,0.8286424170145099,0.7577330438939012
aeeem_lucene,aeeem_equinox,hybrid,xgboost,691,324,42,0.6790123456790124,0.7906976744186046,0.26356589147286824,0.3953488372093023,0.3136955621664009,0.6087060226595111,0.7950705625124229,0.7196170023541408
aeeem_lucene,aeeem_equinox,hybrid,lightgbm,691,324,42,0.6697530864197531,0.775,0.24031007751937986,0.3668639053254438,0.28891781965316654,0.5970781156827669,0.7821904193997218,0.7098435002663772
aeeem_lucene,aeeem_mylyn,hybrid,logistic_regression,691,1862,42,0.3464017185821697,0.12615384615384614,0.6693877551020408,0.21229773462783172,-0.024409168645346774,0.483426097711812,0.5597465702421971,0.2350380695301991
aeeem_lucene,aeeem_mylyn,hybrid,random_forest,691,1862,42,0.7959183673469388,0.2829581993569132,0.35918367346938773,0.31654676258992803,0.20053134884426194,0.6106369820655535,0.6308381608673154,0.2835776199054684
aeeem_lucene,aeeem_mylyn,hybrid,xgboost,691,1862,42,0.6283566058002148,0.18207681365576103,0.5224489795918368,0.270042194092827,0.11634576969749293,0.583426097711812,0.5936983327653882,0.22405391096428834
aeeem_lucene,aeeem_mylyn,hybrid,lightgbm,691,1862,42,0.686358754027927,0.2082616179001721,0.49387755102040815,0.2929782082324455,0.15277502200108048,0.604700061842919,0.5972322138502897,0.2598095343924095
aeeem_lucene,aeeem_pde,hybrid,logistic_regression,691,1497,42,0.6265865063460254,0.21498371335504887,0.631578947368421,0.32077764277035237,0.1813425546513122,0.6286776724419745,0.6834341288002614,0.3429384443352129
aeeem_lucene,aeeem_pde,hybrid,random_forest,691,1497,42,0.8082832331329325,0.3375,0.3875598086124402,0.36080178173719374,0.2494864373785306,0.632056301821748,0.6879977859668935,0.33372712283043515
aeeem_lucene,aeeem_pde,hybrid,xgboost,691,1497,42,0.6967267869071476,0.21577726218097448,0.4449760765550239,0.290625,0.1397347800282116,0.5912768581532883,0.6559704597462035,0.2927272260835348
aeeem_lucene,aeeem_pde,hybrid,lightgbm,691,1497,42,0.7615230460921844,0.26282051282051283,0.3923444976076555,0.31477927063339733,0.1824095595233226,0.6068865345181135,0.6535855448898926,0.3208475408175522
aeeem_mylyn,aeeem_eclipse,hybrid,logistic_regression,1862,997,42,0.6579739217652959,0.2175732217573222,0.2524271844660194,0.23370786516853934,0.015190955870327465,0.5080087881874977,0.4366477237857941,0.18657326307188032
aeeem_mylyn,aeeem_eclipse,hybrid,random_forest,1862,997,42,0.7953861584754263,0.5555555555555556,0.04854368932038835,0.08928571428571429,0.11685938943733831,0.519214954647552,0.750662796263793,0.4436573677728254
aeeem_mylyn,aeeem_eclipse,hybrid,xgboost,1862,997,42,0.8094282848545636,0.5816326530612245,0.2766990291262136,0.375,0.3058106333491731,0.6124329532483154,0.7624550464571085,0.4864547114618272
aeeem_mylyn,aeeem_eclipse,hybrid,lightgbm,1862,997,42,0.8054162487462387,0.6111111111111112,0.16019417475728157,0.25384615384615383,0.23906911448153972,0.5668227510954549,0.7586132829280866,0.4476370170746941
aeeem_mylyn,aeeem_equinox,hybrid,logistic_regression,1862,324,42,0.6018518518518519,0.5,0.13178294573643412,0.2085889570552147,0.07124300648991133,0.5223017292784735,0.3526933015305108,0.3867983762834282
aeeem_mylyn,aeeem_equinox,hybrid,random_forest,1862,324,42,0.6172839506172839,0.7777777777777778,0.05426356589147287,0.10144927536231885,0.13108678989918116,0.5220035778175314,0.7264758497316637,0.6042593286479031
aeeem_mylyn,aeeem_equinox,hybrid,xgboost,1862,324,42,0.6172839506172839,0.5806451612903226,0.13953488372093023,0.225,0.12126504912468505,0.5364341085271318,0.5485589346054462,0.4797678163129504
aeeem_mylyn,aeeem_equinox,hybrid,lightgbm,1862,324,42,0.6111111111111112,0.5652173913043478,0.10077519379844961,0.17105263157894737,0.09434307442306265,0.5247465712581991,0.5548002385211688,0.47425569064692324
aeeem_mylyn,aeeem_lucene,hybrid,logistic_regression,1862,691,42,0.7698986975397974,0.12,0.234375,0.15873015873015872,0.044385811615500766,0.5294682017543859,0.4653110047846889,0.16902719827876003
aeeem_mylyn,aeeem_lucene,hybrid,random_forest,1862,691,42,0.9088277858176556,0.5555555555555556,0.078125,0.136986301369863,0.18344440288038974,0.5358727073365231,0.7269612240829346,0.22218037510938815
aeeem_mylyn,aeeem_lucene,hybrid,xgboost,1862,691,42,0.8668596237337193,0.25862068965517243,0.234375,0.2459016393442623,0.173331667170353,0.5828972288676236,0.701218600478469,0.22541832202353512
aeeem_mylyn,aeeem_lucene,hybrid,lightgbm,1862,691,42,0.869753979739508,0.22916666666666666,0.171875,0.19642857142857142,0.12869226901306985,0.556431917862839,0.7047697368421052,0.21172514906912682
aeeem_mylyn,aeeem_pde,hybrid,logistic_regression,1862,1497,42,0.8263193052772211,0.2524271844660194,0.12440191387559808,0.16666666666666666,0.08847964251538053,0.532309652589973,0.5204575173110642,0.17137191304684868
aeeem_mylyn,aeeem_pde,hybrid,random_forest,1862,1497,42,0.8583834335337341,0.4117647058823529,0.03349282296650718,0.061946902654867256,0.08415813337154046,0.5128644239056138,0.7069545157359803,0.2666232128183814
aeeem_mylyn,aeeem_pde,hybrid,xgboost,1862,1497,42,0.8450233800935204,0.3838383838383838,0.18181818181818182,0.24675324675324675,0.18751945123139943,0.5672289666854884,0.7085834645903296,0.290970362558711
aeeem_mylyn,aeeem_pde,hybrid,lightgbm,1862,1497,42,0.8523714094856379,0.4032258064516129,0.11961722488038277,0.18450184501845018,0.15809853736874846,0.5454452584029243,0.7067929210377722,0.2799822855954831
aeeem_pde,aeeem_eclipse,hybrid,logistic_regression,1497,997,42,0.7291875626880642,0.30952380952380953,0.2524271844660194,0.27807486631016043,0.11441493740797376,0.5528886870496974,0.46268702514943605,0.2604253219558996
aeeem_pde,aeeem_eclipse,hybrid,random_forest,1497,997,42,0.7883650952858575,0.4881516587677725,0.5,0.4940047961630695,0.3602721711510605,0.68173198482933,0.7661249739177398,0.4697088591418831
aeeem_pde,aeeem_eclipse,hybrid,xgboost,1497,997,42,0.7021063189568706,0.3746556473829201,0.6601941747572816,0.4780316344463972,0.3140391378445881,0.6866078332699177,0.7494752862911639,0.47344275475524195
aeeem_pde,aeeem_eclipse,hybrid,lightgbm,1497,997,42,0.683049147442327,0.3472222222222222,0.6067961165048543,0.4416961130742049,0.2610642832216719,0.6548519141310618,0.7329299277061112,0.47346546434936787
aeeem_pde,aeeem_equinox,hybrid,logistic_regression,1497,324,42,0.6790123456790124,0.6106194690265486,0.5348837209302325,0.5702479338842975,0.31763705536537734,0.6546213476446034,0.6077121844563704,0.5822113749767337
aeeem_pde,aeeem_equinox,hybrid,random_forest,1497,324,42,0.5895061728395061,0.4696969696969697,0.24031007751937986,0.31794871794871793,0.07392604107043614,0.5304114490161002,0.613118664281455,0.519834129418868
aeeem_pde,aeeem_equinox,hybrid,xgboost,1497,324,42,0.6265432098765432,0.5377358490566038,0.4418604651162791,0.4851063829787234,0.1988404280705117,0.5952892069171138,0.6152653548002385,0.5911963327261233
aeeem_pde,aeeem_equinox,hybrid,lightgbm,1497,324,42,0.6018518518518519,0.5,0.3953488372093023,0.44155844155844154,0.14103450470944512,0.5669051878354204,0.6255615185847743,0.555999382742526
aeeem_pde,aeeem_lucene,hybrid,logistic_regression,1497,691,42,0.7250361794500724,0.14606741573033707,0.40625,0.21487603305785125,0.10860185881119915,0.5819128787878788,0.5726176236044657,0.2737903847190424
aeeem_pde,aeeem_lucene,hybrid,random_forest,1497,691,42,0.8986975397973951,0.44,0.34375,0.38596491228070173,0.3346692790103408,0.6495464513556619,0.7315465510366826,0.33911652281118404
aeeem_pde,aeeem_lucene,hybrid,xgboost,1497,691,42,0.8176555716353111,0.22807017543859648,0.40625,0.29213483146067415,0.2076827040765436,0.6329495614035088,0.6568480861244019,0.2953415193742712
aeeem_pde,aeeem_lucene,hybrid,lightgbm,1497,691,42,0.8610709117221418,0.30952380952380953,0.40625,0.35135135135135137,0.27833510434337383,0.6568730063795853,0.6852073365231259,0.3390763051280115
aeeem_pde,aeeem_mylyn,hybrid,logistic_regression,1497,1862,42,0.5386680988184748,0.1012987012987013,0.3183673469387755,0.15369458128078817,-0.07522030118287058,0.4452071737786023,0.4306917572223695,0.13036650708539346
aeeem_pde,aeeem_mylyn,hybrid,random_forest,1497,1862,42,0.8469387755102041,0.391304347826087,0.2938775510204082,0.3356643356643357,0.25443038923578387,0.6123067408781695,0.6239458306513701,0.27958187916987054
aeeem_pde,aeeem_mylyn,hybrid,xgboost,1497,1862,42,0.7438238453276047,0.22641509433962265,0.39183673469387753,0.28699551569506726,0.1523417747800513,0.594495980210266,0.6249542488609544,0.2659067277937144
aeeem_pde,aeeem_mylyn,hybrid,lightgbm,1497,1862,42,0.7873254564983888,0.2732732732732733,0.37142857142857144,0.314878892733564,0.19561964119801392,0.6108843537414965,0.6335554630015271,0.26971469141316945
