dataset,feature_set,feature,defect_correlation
aeeem_eclipse,static,bugs,0.706360619182534
aeeem_eclipse,static,fanOut,0.4468404954685883
aeeem_eclipse,static,cbo,0.38263004001155504
aeeem_eclipse,static,wmc,0.37710379555382995
aeeem_eclipse,static,numberOfLinesOfCode,0.36157930577716885
aeeem_eclipse,static,rfc,0.3558951905026131
aeeem_eclipse,static,majorBugs,0.31426173469266866
aeeem_eclipse,static,numberOfMethods,0.28999247818974605
aeeem_eclipse,static,numberOfAttributes,0.2616693202029606
aeeem_eclipse,static,nonTrivialBugs,0.24390323844328826
aeeem_eclipse,static,numberOfPrivateMethods,0.2382419112039844
aeeem_eclipse,static,numberOfPublicMethods,0.22861086571284148
aeeem_eclipse,static,fanIn,0.2189558183124257
aeeem_eclipse,static,criticalBugs,0.19724048203454345
aeeem_eclipse,static,numberOfPublicAttributes,0.17751402001894054
aeeem_eclipse,static,lcom,0.16006340598366414
aeeem_eclipse,static,numberOfPrivateAttributes,0.08893822029086809
aeeem_eclipse,static,highPriorityBugs,0.0833365851247466
aeeem_eclipse,static,noc,0.04405512713175633
aeeem_eclipse,static,numberOfAttributesInherited,0.028741267983743757
aeeem_eclipse,static,dit,-0.016988013894470154
aeeem_eclipse,static,numberOfMethodsInherited,0.006507281055010118
aeeem_equinox,static,bugs,0.6362086501622317
aeeem_equinox,static,cbo,0.44876580358534923
aeeem_equinox,static,numberOfMethods,0.4283247101413093
aeeem_equinox,static,fanOut,0.39808948405006905
aeeem_equinox,static,wmc,0.3753924588931202
aeeem_equinox,static,numberOfLinesOfCode,0.36291412132535633
aeeem_equinox,static,numberOfPublicMethods,0.35940667023066847
aeeem_equinox,static,rfc,0.342215272505905
aeeem_equinox,static,numberOfMethodsInherited,0.3160469236050701
aeeem_equinox,static,lcom,0.3149820382818135
aeeem_equinox,static,fanIn,0.314292387142676
aeeem_equinox,static,numberOfPrivateAttributes,0.280346633734873
aeeem_equinox,static,numberOfPrivateMethods,0.2626374298440073
aeeem_equinox,static,dit,0.2336314847942755
aeeem_equinox,static,numberOfAttributes,0.20188411796092112
aeeem_equinox,static,numberOfAttributesInherited,0.18543200105531946
aeeem_equinox,static,majorBugs,0.13746035369228934
aeeem_equinox,static,nonTrivialBugs,0.11885858663388639
aeeem_equinox,static,noc,0.10376299652363834
aeeem_equinox,static,criticalBugs,0.06841025186548806
aeeem_equinox,static,numberOfPublicAttributes,-0.02430258103951865
aeeem_lucene,static,bugs,0.7403395079226585
aeeem_lucene,static,numberOfMethods,0.2524075020505397
aeeem_lucene,static,fanOut,0.212467960734904
aeeem_lucene,static,lcom,0.210700687735969
aeeem_lucene,static,rfc,0.2102535466101536
aeeem_lucene,static,numberOfPublicMethods,0.20543317662258848
aeeem_lucene,static,cbo,0.20182755027283666
aeeem_lucene,static,noc,0.18511165958501397
aeeem_lucene,static,numberOfAttributes,0.17316122755791308
aeeem_lucene,static,numberOfPrivateAttributes,0.15942290475237877
aeeem_lucene,static,fanIn,0.15515423813663015
aeeem_lucene,static,wmc,0.10799475404039044
aeeem_lucene,static,numberOfLinesOfCode,0.10669502025668672
aeeem_lucene,static,numberOfPublicAttributes,0.09129734679104616
aeeem_lucene,static,numberOfPrivateMethods,0.06395667231622727
aeeem_lucene,static,numberOfMethodsInherited,0.03982420239227376
aeeem_lucene,static,numberOfAttributesInherited,0.005856059786984197
aeeem_lucene,static,dit,-0.0015824962096833216
aeeem_mylyn,static,bugs,0.7832493653816616
aeeem_mylyn,static,nonTrivialBugs,0.6108169409935358
aeeem_mylyn,static,highPriorityBugs,0.35091915833525855
aeeem_mylyn,static,fanOut,0.32933732540595256
aeeem_mylyn,static,majorBugs,0.25382112341135943
aeeem_mylyn,static,numberOfPrivateMethods,0.24870143061672845
aeeem_mylyn,static,rfc,0.2375080781238329
aeeem_mylyn,static,numberOfAttributes,0.22588645772897661
aeeem_mylyn,static,cbo,0.21221379523594017
aeeem_mylyn,static,numberOfPrivateAttributes,0.20784030475451398
aeeem_mylyn,static,wmc,0.184492541934492
aeeem_mylyn,static,numberOfMethods,0.15793314642232956
aeeem_mylyn,static,numberOfLinesOfCode,0.14929952325114193
aeeem_mylyn,static,criticalBugs,0.1032031374230672
aeeem_mylyn,static,fanIn,0.1003197550497567
aeeem_mylyn,static,numberOfPublicAttributes,0.09627404298788009
aeeem_mylyn,static,numberOfPublicMethods,0.09568363818182926
aeeem_mylyn,static,lcom,0.09510850189204724
aeeem_mylyn,static,numberOfMethodsInherited,-0.04147877962786531
aeeem_mylyn,static,numberOfAttributesInherited,0.037540202152792655
aeeem_mylyn,static,noc,-0.009125568356839413
aeeem_mylyn,static,dit,-0.006383122373284623
aeeem_pde,static,bugs,0.5916877144009414
aeeem_pde,static,majorBugs,0.4542154204409641
aeeem_pde,static,rfc,0.27759509614938105
aeeem_pde,static,numberOfLinesOfCode,0.2611227605183824
aeeem_pde,static,fanOut,0.25120226256546957
aeeem_pde,static,wmc,0.24460617744653604
aeeem_pde,static,nonTrivialBugs,0.21249608396295896
aeeem_pde,static,numberOfMethods,0.2115655934264809
aeeem_pde,static,numberOfPrivateMethods,0.21040586616363552
aeeem_pde,static,cbo,0.18478265367582786
aeeem_pde,static,numberOfPrivateAttributes,0.17942484611825157
aeeem_pde,static,lcom,0.17163762070924207
aeeem_pde,static,criticalBugs,0.15747861693608403
aeeem_pde,static,dit,-0.11412429920515357
aeeem_pde,static,numberOfAttributes,0.09094862619520276
aeeem_pde,static,fanIn,0.08172014240860363
aeeem_pde,static,numberOfMethodsInherited,-0.07365586054802267
aeeem_pde,static,numberOfPublicMethods,0.072271141316937
aeeem_pde,static,numberOfPublicAttributes,0.06950010790922241
aeeem_pde,static,noc,-0.03368939215740996
aeeem_pde,static,numberOfAttributesInherited,-0.02334185998237079
cm1,static,LOC_COMMENTS,0.30161432395789367
cm1,static,HALSTEAD_CONTENT,0.24261504303203854
cm1,static,NUM_UNIQUE_OPERANDS,0.2405915496172517
cm1,static,NUM_UNIQUE_OPERATORS,0.22754051333952965
cm1,static,LOC_EXECUTABLE,0.22244367228118153
cm1,static,NUMBER_OF_LINES,0.21766038611320526
cm1,static,CALL_PAIRS,0.21738361006027093
cm1,static,NUM_OPERATORS,0.20203100480913327
cm1,static,HALSTEAD_LENGTH,0.19876212701023754
cm1,static,LOC_TOTAL,0.19863520366709858
cm1,static,HALSTEAD_ERROR_EST,0.19248924160347722
cm1,static,HALSTEAD_VOLUME,0.1921514271338281
cm1,static,NUM_OPERANDS,0.19180744798983076
cm1,static,NORMALIZED_CYLOMATIC_COMPLEXITY,-0.1774725068560814
cm1,static,DESIGN_COMPLEXITY,0.17134249986473046
cm1,static,PERCENT_COMMENTS,0.16655971730875394
cm1,static,CYCLOMATIC_DENSITY,-0.161908110897952
cm1,static,MODIFIED_CONDITION_COUNT,0.15260755691993222
cm1,static,CONDITION_COUNT,0.15219321449104578
cm1,static,HALSTEAD_DIFFICULTY,0.15103157064755393
cm1,static,DECISION_COUNT,0.15088251085234738
cm1,static,MULTIPLE_CONDITION_COUNT,0.15080211342422778
cm1,static,BRANCH_COUNT,0.1496557495142516
cm1,static,EDGE_COUNT,0.14927045455160662
cm1,static,NODE_COUNT,0.14829721979726276
cm1,static,CYCLOMATIC_COMPLEXITY,0.14558966826940742
cm1,static,HALSTEAD_LEVEL,-0.14519302190041378
cm1,static,LOC_BLANK,0.12874745158886036
cm1,static,DESIGN_DENSITY,0.10121341599045706
cm1,static,ESSENTIAL_COMPLEXITY,0.09154235154856288
cm1,static,HALSTEAD_PROG_TIME,0.08898834286883789
cm1,static,HALSTEAD_EFFORT,0.08898832032519596
cm1,static,MAINTENANCE_SEVERITY,-0.08403868497652414
cm1,static,PARAMETER_COUNT,0.049457183159082305
cm1,static,LOC_CODE_AND_COMMENT,0.023018275850566684
cm1,static,DECISION_DENSITY,0.02277226995293393
cm1,static,ESSENTIAL_DENSITY,0.0022835546191278936
kc1,static,maxNUM_UNIQUE_OPERANDS,0.5643601704198553
kc1,static,maxNUM_UNIQUE_OPERATORS,0.5505901643284934
kc1,static,COUPLING_BETWEEN_OBJECTS,0.52656939035775
kc1,static,maxHALSTEAD_DIFFICULTY,0.5218996105572044
kc1,static,maxNUM_OPERANDS,0.48239704616881446
kc1,static,maxHALSTEAD_LENGTH,0.475214916605626
kc1,static,maxHALSTEAD_CONTENT,0.47128263877467597
kc1,static,maxNUM_OPERATORS,0.46923542036738364
kc1,static,avgNUM_UNIQUE_OPERANDS,0.46885396774208343
kc1,static,maxHALSTEAD_VOLUME,0.45910359754609914
kc1,static,maxHALSTEAD_ERROR_EST,0.45888116155693426
kc1,static,maxLOC_TOTAL,0.45726599540660057
kc1,static,maxLOC_EXECUTABLE,0.4500605147312212
kc1,static,avgHALSTEAD_CONTENT,0.4492116466860646
kc1,static,avgHALSTEAD_DIFFICULTY,0.44251464429562465
kc1,static,avgNUM_OPERANDS,0.4424574734979333
kc1,static,avgNUM_UNIQUE_OPERATORS,0.44194837879830057
kc1,static,avgHALSTEAD_LENGTH,0.43111887357739453
kc1,static,avgNUM_OPERATORS,0.42218540587379083
kc1,static,sumHALSTEAD_CONTENT,0.42192376813773164
kc1,static,avgHALSTEAD_VOLUME,0.41853544858208275
kc1,static,avgHALSTEAD_ERROR_EST,0.41740333078304886
kc1,static,sumNUM_UNIQUE_OPERANDS,0.4140797743103053
kc1,static,maxBRANCH_COUNT,0.4074917267189603
kc1,static,maxDESIGN_COMPLEXITY,0.4063667350968135
kc1,static,sumLOC_TOTAL,0.4061636716498328
kc1,static,sumLOC_EXECUTABLE,0.40602889868494985
kc1,static,maxCYCLOMATIC_COMPLEXITY,0.40308304328240846
kc1,static,avgLOC_TOTAL,0.3944498986326153
kc1,static,maxLOC_BLANK,0.3857579783573042
kc1,static,sumNUM_OPERANDS,0.38528589177288386
kc1,static,avgLOC_EXECUTABLE,0.3849266111630515
kc1,static,sumHALSTEAD_LENGTH,0.38366909736879823
kc1,static,sumNUM_OPERATORS,0.38185012021020526
kc1,static,maxESSENTIAL_COMPLEXITY,0.37887865618986183
kc1,static,sumHALSTEAD_VOLUME,0.3753913100344843
kc1,static,sumHALSTEAD_ERROR_EST,0.3748762794835538
kc1,static,sumNUM_UNIQUE_OPERATORS,0.37304562141894093
kc1,static,sumDESIGN_COMPLEXITY,0.372459113427304
kc1,static,maxHALSTEAD_EFFORT,0.36952855475218765
kc1,static,maxHALSTEAD_PROG_TIME,0.369528363664241
kc1,static,sumHALSTEAD_DIFFICULTY,0.3614126285481201
kc1,static,sumCYCLOMATIC_COMPLEXITY,0.35629150856576036
kc1,static,avgHALSTEAD_EFFORT,0.3550784236539566
kc1,static,avgHALSTEAD_PROG_TIME,0.3550782040923402
kc1,static,maxLOC_COMMENTS,0.35369614776922204
kc1,static,sumBRANCH_COUNT,0.34918190502148483
kc1,static,minHALSTEAD_LEVEL,-0.34556729915314827
kc1,static,sumESSENTIAL_COMPLEXITY,0.33180861745750173
kc1,static,sumLOC_BLANK,0.32383923738637244
kc1,static,avgBRANCH_COUNT,0.3120721602789392
kc1,static,avgLOC_BLANK,0.3085507347846251
kc1,static,avgCYCLOMATIC_COMPLEXITY,0.30685684761787113
kc1,static,avgDESIGN_COMPLEXITY,0.305807886144128
kc1,static,sumHALSTEAD_PROG_TIME,0.30354487707053734
kc1,static,sumHALSTEAD_EFFORT,0.30354478381827943
kc1,static,sumLOC_COMMENTS,0.2969529782990189
kc1,static,avgHALSTEAD_LEVEL,-0.2810193843662
kc1,static,avgLOC_COMMENTS,0.2777765293648299
kc1,static,avgESSENTIAL_COMPLEXITY,0.22418022078053404
kc1,static,sumHALSTEAD_LEVEL,0.20561514844783368
kc1,static,WEIGHTED_METHODS_PER_CLASS,0.19870987108294996
kc1,static,RESPONSE_FOR_CLASS,0.16427134129983245
kc1,static,minNUM_OPERANDS,-0.14357944339852427
kc1,static,DEP_ON_CHILD,0.1407605051622073
kc1,static,minNUM_UNIQUE_OPERANDS,-0.13407268061081778
kc1,static,minHALSTEAD_DIFFICULTY,-0.1253194423054048
kc1,static,maxLOC_CODE_AND_COMMENT,0.12517716163876325
kc1,static,FAN_IN,0.11985018044660639
kc1,static,minHALSTEAD_CONTENT,-0.11900909283118086
kc1,static,NUM_OF_CHILDREN,-0.11713492287476919
kc1,static,minHALSTEAD_PROG_TIME,-0.08796809844887754
kc1,static,minHALSTEAD_EFFORT,-0.08796221786274189
kc1,static,minLOC_EXECUTABLE,-0.08589104432034772
kc1,static,minHALSTEAD_VOLUME,-0.08132085049576777
kc1,static,minNUM_OPERATORS,-0.07651680858826403
kc1,static,minHALSTEAD_LENGTH,-0.07346604175624488
kc1,static,minNUM_UNIQUE_OPERATORS,-0.06743200728346106
kc1,static,minHALSTEAD_ERROR_EST,-0.0585692551626406
kc1,static,maxHALSTEAD_LEVEL,-0.03938921828999516
kc1,static,DEPTH,0.033500612258163795
kc1,static,PERCENT_PUB_DATA,-0.028938012102956386
kc1,static,avgLOC_CODE_AND_COMMENT,0.027048612464109077
kc1,static,minLOC_TOTAL,-0.008854427328552674
kc1,static,sumLOC_CODE_AND_COMMENT,0.0048110274105254485
kc1,static,LACK_OF_COHESION_OF_METHODS,-0.0013134913325096814
pc1,static,NUMBER_OF_LINES,0.35737637394757205
pc1,static,HALSTEAD_CONTENT,0.32854431229199293
pc1,static,NUM_UNIQUE_OPERANDS,0.32067888989495713
pc1,static,LOC_COMMENTS,0.3164216362867739
pc1,static,LOC_BLANK,0.3074843907407046
pc1,static,LOC_TOTAL,0.3013332547793832
pc1,static,LOC_EXECUTABLE,0.29048186145016286
pc1,static,HALSTEAD_VOLUME,0.2542721367902873
pc1,static,HALSTEAD_ERROR_EST,0.254247834776463
pc1,static,LOC_CODE_AND_COMMENT,0.25332583311570794
pc1,static,NUM_OPERATORS,0.24973516740630922
pc1,static,HALSTEAD_LENGTH,0.24855946840968762
pc1,static,NUM_OPERANDS,0.24503822776749482
pc1,static,NUM_UNIQUE_OPERATORS,0.2323335059720324
pc1,static,PERCENT_COMMENTS,0.22339805922298908
pc1,static,CYCLOMATIC_DENSITY,-0.20586608586359112
pc1,static,NORMALIZED_CYLOMATIC_COMPLEXITY,-0.19856683685567023
pc1,static,DESIGN_COMPLEXITY,0.16221016627281148
pc1,static,CYCLOMATIC_COMPLEXITY,0.16099696577056155
pc1,static,EDGE_COUNT,0.15420046647293112
pc1,static,BRANCH_COUNT,0.15156718668483488
pc1,static,NODE_COUNT,0.15087604804131713
pc1,static,CALL_PAIRS,0.14691080559286882
pc1,static,MULTIPLE_CONDITION_COUNT,0.13865671291493623
pc1,static,MODIFIED_CONDITION_COUNT,0.1375522728062543
pc1,static,CONDITION_COUNT,0.13440026608938158
pc1,static,DECISION_COUNT,0.1298171084322214
pc1,static,HALSTEAD_PROG_TIME,0.12392475070429157
pc1,static,HALSTEAD_EFFORT,0.1239247467212926
pc1,static,ESSENTIAL_COMPLEXITY,0.11382732063352015
pc1,static,HALSTEAD_LEVEL,-0.10886673314724472
pc1,static,HALSTEAD_DIFFICULTY,0.08479469010407119
pc1,static,PARAMETER_COUNT,-0.08406912819874914
pc1,static,MAINTENANCE_SEVERITY,-0.08049334608671645
pc1,static,DESIGN_DENSITY,0.02804302069526722
pc1,static,DECISION_DENSITY,-0.005439245557978809
pc1,static,ESSENTIAL_DENSITY,-0.004917263102417526
pc3,static,LOC_BLANK,0.3347268606415286
pc3,static,LOC_COMMENTS,0.27243961975813547
pc3,static,PERCENT_COMMENTS,0.24007491466431954
pc3,static,LOC_CODE_AND_COMMENT,0.22332007879459947
pc3,static,NUMBER_OF_LINES,0.19881839044694843
pc3,static,NUM_UNIQUE_OPERATORS,0.1736824887103947
pc3,static,MAINTENANCE_SEVERITY,-0.17285394001234503
pc3,static,CALL_PAIRS,0.17256903735530046
pc3,static,NUM_UNIQUE_OPERANDS,0.14916785983785819
pc3,static,DECISION_DENSITY,0.14164903817652588
pc3,static,NORMALIZED_CYLOMATIC_COMPLEXITY,-0.11998865809574284
pc3,static,LOC_TOTAL,0.11663178773383061
pc3,static,HALSTEAD_CONTENT,0.11516309226329963
pc3,static,CYCLOMATIC_DENSITY,-0.10238952937933843
pc3,static,HALSTEAD_LEVEL,-0.101926674467332
pc3,static,LOC_EXECUTABLE,0.10063079173458075
pc3,static,NODE_COUNT,0.08261997527786694
pc3,static,EDGE_COUNT,0.08195218989621737
pc3,static,DESIGN_COMPLEXITY,0.08043610960543926
pc3,static,CYCLOMATIC_COMPLEXITY,0.07840492186987047
pc3,static,DESIGN_DENSITY,-0.07815905984656239
pc3,static,NUM_OPERATORS,0.07587671044632721
pc3,static,BRANCH_COUNT,0.07570378885562717
pc3,static,HALSTEAD_LENGTH,0.07533864491953635
pc3,static,NUM_OPERANDS,0.07403239696648477
pc3,static,MULTIPLE_CONDITION_COUNT,0.07335868621352466
pc3,static,MODIFIED_CONDITION_COUNT,0.07219720319345159
pc3,static,HALSTEAD_DIFFICULTY,0.06932212181100546
pc3,static,CONDITION_COUNT,0.06615987308567763
pc3,static,DECISION_COUNT,0.05926734637398278
pc3,static,HALSTEAD_VOLUME,0.051697390718489195
pc3,static,HALSTEAD_ERROR_EST,0.05152724960870498
pc3,static,PARAMETER_COUNT,-0.046540708146374545
pc3,static,ESSENTIAL_COMPLEXITY,0.030266086534095682
pc3,static,ESSENTIAL_DENSITY,0.02324320902152296
pc3,static,HALSTEAD_PROG_TIME,-0.001011818934586492
pc3,static,HALSTEAD_EFFORT,-0.00101180831131199
