dataset_family,file_module_id,code_churn,commit_count,num_developers,bugfix_commit_count,days_since_last_modified,lines_added,lines_deleted,numberOfRefactoringsUntil,maxLinesAddedUntil,avgLinesAddedUntil,maxLinesRemovedUntil,avgLinesRemovedUntil,maxCodeChurnUntil,avgCodeChurnUntil,weightedAgeWithRespectTo,numberOfBugsFoundUntil,numberOfNonTrivialBugsFoundUntil,numberOfMajorBugsFoundUntil,numberOfCriticalBugsFoundUntil,numberOfHighPriorityBugsFoundUntil,CvsEntropy,CvsWEntropy,CvsLinEntropy,CvsLogEntropy,CvsExpEntropy
aeeem,ext::framework::a::importer::Activator,10.0,2,1,0,40.8571,10.0,0.0,0,10.0,5.0,0.0,0.0,10.0,5.0,3.14286,1,1,0,0,0,1.11258,0.0301612,0.00568177,0.0373952,0.0173512
aeeem,org::eclipse::osgi::framework::internal::reliablefile::ReliableFile,300.0,18,7,4,239.143,1431.0,1131.0,1,532.0,79.5,552.0,62.8333,394.0,16.6667,37.3797,5,4,0,0,0,7.60794,0.501074,0.010183,0.176179,0.000657449
aeeem,org::osgi::framework::ServiceEvent,5.0,14,4,1,239.143,342.0,337.0,0,130.0,24.4286,123.0,24.0714,8.0,0.357143,70.6278,3,3,0,0,0,6.44925,0.113243,0.0108567,0.156537,0.00528038
aeeem,org::eclipse::osgi::framework::internal::core::BundleProtectionDomainImpl,-46.0,4,2,0,178.857,3.0,49.0,0,3.0,0.75,44.0,12.25,0.0,-11.5,4.57143,0,0,0,0,0,3.0823,0.0196326,0.00357232,0.0691437,6.14191e-05
aeeem,substitutes::z::Fz,0.0,1,1,0,19.1429,0.0,0.0,0,0.0,0.0,0.0,0.0,0.0,0.0,0.0,1,1,0,0,0,0.0,0.0,0.0,0.0,0.0
aeeem,circularity::test::Activator,0.0,1,1,0,85.1429,0.0,0.0,0,0.0,0.0,0.0,0.0,0.0,0.0,0.0,1,1,0,0,0,0.0,0.0,0.0,0.0,0.0
aeeem,org::eclipse::osgi::framework::internal::core::ConditionalPermissionSet,98.0,14,2,4,178.857,195.0,97.0,1,82.0,13.9286,73.0,6.92857,27.0,7.0,23.8447,7,7,0,0,0,9.01949,0.2172,0.0113774,0.206164,0.000414905
aeeem,org::eclipse::osgi::internal::module::BundleConstraint,123.0,7,3,1,180.0,211.0,88.0,0,95.0,30.1429,43.0,12.5714,95.0,17.5714,2.52539,1,1,0,0,0,5.09157,0.0549516,0.00754879,0.119792,0.00316005
aeeem,org::eclipse::osgi::internal::resolver::SystemState,19.0,11,5,2,237.714,102.0,83.0,0,31.0,9.27273,40.0,7.54545,27.0,1.72727,59.7899,6,5,1,0,0,5.94951,0.184141,0.0093872,0.142004,0.00494446
aeeem,org::eclipse::osgi::internal::module::VersionSupplier,85.0,7,3,0,180.0,100.0,15.0,0,42.0,14.2857,7.0,2.14286,38.0,12.1429,30.1943,2,2,0,0,0,5.76365,0.0340833,0.0224321,0.168368,0.068437
aeeem,org::osgi::framework::ServicePermission,-70.0,13,4,1,239.143,1117.0,1187.0,0,492.0,85.9231,520.0,91.3077,8.0,-5.38462,62.685,3,3,0,0,0,6.44925,0.157973,0.0108567,0.156537,0.00528038
aeeem,org::eclipse::osgi::framework::internal::core::FrameworkProperties,0.0,3,2,0,127.143,1.0,1.0,1,1.0,0.333333,1.0,0.333333,0.0,0.0,10.4286,1,0,0,0,0,1.27192,0.00403564,0.00217381,0.0312557,0.000404701
aeeem,nativetest::d::Activator,0.0,1,1,0,42.0,0.0,0.0,0,0.0,0.0,0.0,0.0,0.0,0.0,0.0,1,1,0,0,0,0.0,0.0,0.0,0.0,0.0
aeeem,substitutes::y::Ay,0.0,1,1,0,19.1429,0.0,0.0,0,0.0,0.0,0.0,0.0,0.0,0.0,0.0,1,1,0,0,0,0.0,0.0,0.0,0.0,0.0
aeeem,org::eclipse::osgi::framework::internal::core::ConsoleMsg,123.0,10,5,0,239.143,206.0,83.0,0,169.0,20.6,36.0,8.3,133.0,12.3,68.6332,4,4,0,0,0,4.84372,0.160196,0.0123027,0.130076,0.0170805
aeeem,substitutes::x::Kx,0.0,1,1,0,19.1429,0.0,0.0,0,0.0,0.0,0.0,0.0,0.0,0.0,0.0,1,1,0,0,0,0.0,0.0,0.0,0.0,0.0
aeeem,org::eclipse::equinox::launcher::Main,255.0,44,3,3,81.1429,2587.0,2332.0,0,2021.0,58.7955,2011.0,53.0,65.0,5.79545,32.9348,29,27,4,2,1,15.3228,1.77892,0.0759116,0.503466,0.22302
aeeem,nativetest::b2::Activator,0.0,1,1,0,53.0,0.0,0.0,0,0.0,0.0,0.0,0.0,0.0,0.0,0.0,1,1,1,1,0,0.0,0.0,0.0,0.0,0.0
aeeem,org::eclipse::osgi::internal::baseadaptor::DefaultClassLoader,480.0,8,1,0,125.857,499.0,19.0,0,237.0,62.375,10.0,2.375,237.0,60.0,3.11451,4,4,1,1,0,7.7601,0.231255,0.0191814,0.206167,0.0277314
aeeem,org::eclipse::osgi::framework::internal::core::StartLevelEvent,-28.0,9,6,1,239.143,74.0,102.0,1,49.0,8.22222,50.0,11.3333,0.0,-3.11111,12.5,1,1,1,1,0,3.36934,0.0233368,0.00504088,0.0799243,0.000804404
aeeem,org::eclipse::equinox::internal::launcher::Constants,6.0,2,1,0,81.0,7.0,1.0,0,7.0,3.5,1.0,0.5,6.0,3.0,14.0,1,1,0,0,0,1.05668,0.0126795,0.00315071,0.030079,0.00408372
aeeem,org::eclipse::osgi::tests::appadmin::SimpleApp,0.0,1,1,0,39.7143,0.0,0.0,0,0.0,0.0,0.0,0.0,0.0,0.0,0.0,1,1,0,0,0,0.0,0.0,0.0,0.0,0.0
aeeem,org::eclipse::core::runtime::internal::stats::StatsManager,100.0,7,1,0,162.143,123.0,23.0,0,55.0,17.5714,10.0,3.28571,54.0,14.2857,40.2032,2,2,0,0,0,6.79581,0.058801,0.0223176,0.19012,0.056106
aeeem,org::eclipse::osgi::baseadaptor::bundlefile::DirZipBundleEntry,147.0,5,1,0,125.857,150.0,3.0,0,73.0,30.0,3.0,0.6,73.0,29.4,0.797143,2,2,0,0,0,4.04276,0.0425374,0.00680523,0.0989508,0.0012324
aeeem,org::eclipse::osgi::framework::internal::core::BundlePermissionCollection,1.0,9,6,1,239.143,29.0,28.0,1,8.0,3.22222,9.0,3.11111,5.0,0.111111,76.4384,1,1,0,0,0,4.64163,0.0354026,0.0100626,0.117441,0.0184328
aeeem,org::eclipse::osgi::util::TextProcessor,117.0,7,1,0,124.714,265.0,148.0,0,195.0,37.8571,100.0,21.1429,95.0,16.7143,40.4232,6,6,1,0,0,6.45548,0.705261,0.0501053,0.243324,0.153757
aeeem,org::eclipse::osgi::framework::internal::core::DependentPolicy,0.0,4,2,0,163.0,28.0,28.0,0,17.0,7.0,18.0,7.0,9.0,0.0,58.2398,3,3,0,0,0,4.27148,0.0942259,0.00837626,0.108468,0.00348376
aeeem,org::eclipse::osgi::internal::resolver::GenericSpecificationImpl,0.0,1,1,0,118.714,0.0,0.0,0,0.0,0.0,0.0,0.0,0.0,0.0,0.0,1,1,0,0,0,0.0,0.0,0.0,0.0,0.0
aeeem,org::eclipse::osgi::tests::services::resolver::SimplePlatformAdmin,-1.0,2,2,0,159.714,1.0,2.0,0,1.0,0.5,2.0,1.0,0.0,-0.5,34.8571,1,1,0,0,0,1.45568,0.00105933,0.00233034,0.0352055,0.000311875
aeeem,org::eclipse::core::runtime::internal::adaptor::Locker_JavaNio,-8.0,7,3,0,162.143,13.0,21.0,1,8.0,1.85714,9.0,3.0,0.0,-1.14286,36.5934,3,3,0,0,0,5.03827,0.0493392,0.00823914,0.122427,0.00133874
aeeem,thread::locktest::Class1,0.0,1,1,0,85.1429,0.0,0.0,0,0.0,0.0,0.0,0.0,0.0,0.0,0.0,1,1,0,0,0,0.0,0.0,0.0,0.0,0.0
aeeem,legacy::lazystart::b::excluded::b::BBExcluded,0.0,1,1,0,85.1429,0.0,0.0,0,0.0,0.0,0.0,0.0,0.0,0.0,0.0,1,1,0,0,0,0.0,0.0,0.0,0.0,0.0
aeeem,org::eclipse::osgi::internal::signedcontent::PKCS7DateParser,0.0,1,1,0,27.2857,0.0,0.0,0,0.0,0.0,0.0,0.0,0.0,0.0,0.0,1,1,0,0,0,0.0,0.0,0.0,0.0,0.0
aeeem,chain::test::d::Activator,0.0,1,1,0,85.1429,0.0,0.0,0,0.0,0.0,0.0,0.0,0.0,0.0,0.0,1,1,0,0,0,0.0,0.0,0.0,0.0,0.0
aeeem,substitutes::y::Ny,0.0,1,1,0,19.1429,0.0,0.0,0,0.0,0.0,0.0,0.0,0.0,0.0,0.0,1,1,0,0,0,0.0,0.0,0.0,0.0,0.0
aeeem,osgi::lazystart::LazySimple,0.0,1,1,0,85.1429,0.0,0.0,0,0.0,0.0,0.0,0.0,0.0,0.0,0.0,1,1,0,0,0,0.0,0.0,0.0,0.0,0.0
aeeem,substitutes::x::Ix,0.0,1,1,0,19.1429,0.0,0.0,0,0.0,0.0,0.0,0.0,0.0,0.0,0.0,1,1,0,0,0,0.0,0.0,0.0,0.0,0.0
aeeem,org::eclipse::osgi::internal::module::ResolverExport,169.0,13,3,2,180.0,316.0,147.0,0,122.0,24.3077,94.0,11.3077,122.0,13.0,7.31691,5,5,0,0,0,8.71607,0.108434,0.0156006,0.212541,0.0168249
aeeem,org::eclipse::osgi::internal::resolver::StateObjectFactoryImpl,297.0,37,7,7,239.143,599.0,302.0,0,79.0,16.1892,73.0,8.16216,76.0,8.02703,80.1037,16,16,1,0,0,16.4888,0.270134,0.0494513,0.45383,0.113984
aeeem,org::eclipse::osgi::framework::internal::core::StartLevelManager,0.0,32,6,3,218.714,546.0,546.0,1,125.0,17.0625,122.0,17.0625,41.0,0.0,75.8618,14,14,2,0,1,16.8929,0.722831,0.0554018,0.472266,0.124749
aeeem,org::eclipse::core::runtime::internal::adaptor::EclipseAppLauncher,35.0,9,1,0,136.143,51.0,16.0,0,19.0,5.66667,4.0,1.77778,19.0,3.88889,62.4594,6,4,1,0,0,7.43856,0.102111,0.032853,0.229765,0.0922434
aeeem,org::eclipse::osgi::framework::internal::core::Msg,59.0,18,5,0,239.143,143.0,84.0,0,93.0,7.94444,34.0,4.66667,59.0,3.27778,80.2717,7,7,0,0,0,10.0342,0.126347,0.033086,0.282877,0.0771027
aeeem,org::eclipse::osgi::internal::resolver::BundleDescriptionImpl,626.0,55,6,6,239.143,1135.0,509.0,0,308.0,20.6364,110.0,9.25454,198.0,11.3818,73.7424,24,22,4,2,0,21.7572,0.427406,0.058311,0.579346,0.123561
aeeem,org::eclipse::core::runtime::internal::adaptor::Locker_JavaIo,16.0,4,1,0,162.143,20.0,4.0,0,18.0,5.0,2.0,1.0,16.0,4.0,114.014,2,1,0,0,0,3.20237,0.0530391,0.010063,0.0911809,0.020623
aeeem,org::eclipse::osgi::internal::resolver::StateMsg,6.0,15,5,2,230.857,59.0,53.0,0,15.0,3.93333,35.0,3.53333,8.0,0.4,82.6053,8,8,0,0,0,10.6126,0.0751567,0.0403509,0.31044,0.118848
aeeem,org::eclipse::osgi::framework::internal::core::BundleSource,-4.0,6,5,0,239.143,20.0,24.0,0,12.0,3.33333,16.0,4.0,0.0,-0.666667,29.4929,0,0,0,0,0,3.36934,0.0233368,0.00504088,0.0799243,0.000804404
aeeem,org::eclipse::osgi::storagemanager::StorageManager,39.0,11,2,2,127.857,210.0,171.0,0,131.0,19.0909,121.0,15.5455,32.0,3.54545,7.57279,3,3,0,0,0,5.51058,0.240665,0.030961,0.182549,0.08743
aeeem,org::osgi::framework::FrameworkEvent,62.0,17,4,2,239.143,499.0,437.0,0,201.0,29.3529,166.0,25.7059,35.0,3.64706,66.2665,3,3,0,0,0,7.55192,0.127693,0.0121468,0.181326,0.00530405
aeeem,org::eclipse::osgi::internal::resolver::StateDeltaImpl,49.0,18,6,4,239.143,196.0,147.0,0,49.0,10.8889,38.0,8.16667,20.0,2.72222,44.8418,4,4,0,0,0,8.38997,0.052113,0.025207,0.228558,0.0604196
aeeem,org::eclipse::osgi::framework::internal::core::SystemBundleActivator,-23.0,17,6,2,239.143,112.0,135.0,1,70.0,6.58824,86.0,7.94118,4.0,-1.35294,24.6786,2,2,0,0,0,5.57623,0.0240805,0.00947894,0.134134,0.0101834
aeeem,org::eclipse::osgi::framework::internal::core::AliasMapper,-47.0,10,5,2,239.143,175.0,222.0,0,131.0,17.5,174.0,22.2,6.0,-4.7,9.99592,2,2,1,0,0,4.89304,0.024276,0.00691095,0.11455,0.000853177
aeeem,org::eclipse::osgi::baseadaptor::bundlefile::DirBundleFile,213.0,6,1,0,125.857,249.0,36.0,0,113.0,41.5,33.0,6.0,113.0,35.5,4.91394,3,3,0,0,0,5.00534,0.0754136,0.00951747,0.125917,0.00429287
aeeem,legacy::lazystart::b::excluded::a::BAExcluded,0.0,1,1,0,85.1429,0.0,0.0,0,0.0,0.0,0.0,0.0,0.0,0.0,0.0,1,1,0,0,0,0.0,0.0,0.0,0.0,0.0
aeeem,substitutes::y::Ly,0.0,1,1,0,19.1429,0.0,0.0,0,0.0,0.0,0.0,0.0,0.0,0.0,0.0,1,1,0,0,0,0.0,0.0,0.0,0.0,0.0
aeeem,org::eclipse::osgi::framework::internal::reliablefile::ReliableFileOutputStream,44.0,13,7,3,239.143,204.0,160.0,1,102.0,15.6923,118.0,12.3077,40.0,3.38462,28.458,3,3,0,0,0,5.63536,0.0525932,0.00834157,0.133442,0.00113745
aeeem,org::eclipse::osgi::internal::module::VersionHashMap,266.0,13,3,0,180.0,415.0,149.0,0,162.0,31.9231,126.0,11.4615,162.0,20.4615,8.47401,5,5,0,0,0,11.4018,0.137771,0.0302431,0.302681,0.0592573
aeeem,org::eclipse::osgi::framework::internal::core::MultiSourcePackage,69.0,14,6,0,239.143,139.0,70.0,0,33.0,9.92857,20.0,5.0,25.0,4.92857,64.4224,5,5,0,0,0,6.46017,0.0378043,0.0106805,0.156226,0.00442143
aeeem,org::eclipse::osgi::internal::provisional::service::security::AuthorizationEvent,0.0,1,1,0,13.0,0.0,0.0,0,0.0,0.0,0.0,0.0,0.0,0.0,0.0,1,1,0,0,0,0.0,0.0,0.0,0.0,0.0
aeeem,org::eclipse::core::runtime::internal::adaptor::EclipseCommandProvider,85.0,13,2,0,162.143,175.0,90.0,1,118.0,13.4615,32.0,6.92308,107.0,6.53846,117.165,9,7,0,0,0,10.3796,0.429172,0.0368341,0.30198,0.0923593
aeeem,org::eclipse::core::runtime::internal::stats::BundleStats,0.0,2,1,0,162.143,2.0,2.0,0,2.0,1.0,2.0,1.0,0.0,0.0,51.1429,1,1,0,0,0,1.80545,0.0204604,0.00325359,0.0449517,0.000776991
aeeem,legacy::lazystart::FalseExceptionLegacy2,0.0,1,1,0,85.1429,0.0,0.0,0,0.0,0.0,0.0,0.0,0.0,0.0,0.0,1,1,0,0,0,0.0,0.0,0.0,0.0,0.0
aeeem,org::osgi::service::permissionadmin::PermissionInfo,-84.0,16,4,2,239.143,1064.0,1148.0,0,372.0,66.5,441.0,71.75,38.0,-5.25,67.3051,3,3,0,0,0,7.23572,0.245985,0.0100229,0.168448,0.00159788
aeeem,org::eclipse::osgi::baseadaptor::bundlefile::MRUBundleFileList,388.0,12,1,1,125.857,436.0,48.0,0,142.0,36.3333,29.0,4.0,142.0,32.3333,15.2654,4,4,2,2,0,10.1322,0.393707,0.0430045,0.308139,0.103594
aeeem,org::eclipse::core::runtime::internal::adaptor::PluginParser,12.0,10,2,0,162.143,35.0,23.0,0,7.0,3.5,5.0,2.3,7.0,1.2,32.0939,4,4,0,0,0,8.19537,0.0595996,0.0233627,0.219499,0.0555311
aeeem,osgi::lazystart::c::excluded::b::CBExcluded,0.0,1,1,0,85.1429,0.0,0.0,0,0.0,0.0,0.0,0.0,0.0,0.0,0.0,1,1,0,0,0,0.0,0.0,0.0,0.0,0.0
aeeem,org::eclipse::osgi::tests::bundles::BundleInstaller,62.0,6,1,0,85.1429,78.0,16.0,0,29.0,13.0,11.0,2.66667,28.0,10.3333,45.7198,6,6,1,1,0,3.66794,0.242556,0.0240648,0.133375,0.0823985
aeeem,substitutes::y::Jy,0.0,1,1,0,19.1429,0.0,0.0,0,0.0,0.0,0.0,0.0,0.0,0.0,0.0,1,1,0,0,0,0.0,0.0,0.0,0.0,0.0
aeeem,host::multiple::exports::PublicClass2,0.0,1,1,0,40.8571,0.0,0.0,0,0.0,0.0,0.0,0.0,0.0,0.0,0.0,1,1,0,0,0,0.0,0.0,0.0,0.0,0.0
aeeem,org::eclipse::osgi::internal::resolver::VersionConstraintImpl,-34.0,14,5,1,239.143,114.0,148.0,0,42.0,8.14286,41.0,10.5714,19.0,-2.42857,52.2932,2,2,0,0,0,4.23984,0.050055,0.0233466,0.137633,0.0831489
aeeem,org::eclipse::osgi::framework::eventmgr::EventThread,-10.0,9,5,1,239.143,194.0,204.0,0,140.0,21.5556,161.0,22.6667,13.0,-1.11111,22.2452,1,1,0,0,0,1.56389,0.00383528,0.00178729,0.0349726,2.74126e-05
aeeem,legacy::lazystart::SimpleLegacy,0.0,1,1,0,85.1429,0.0,0.0,0,0.0,0.0,0.0,0.0,0.0,0.0,0.0,1,1,0,0,0,0.0,0.0,0.0,0.0,0.0
aeeem,org::eclipse::osgi::internal::signedcontent::Base64,0.0,1,1,0,27.2857,0.0,0.0,0,0.0,0.0,0.0,0.0,0.0,0.0,0.0,1,1,0,0,0,0.0,0.0,0.0,0.0,0.0
aeeem,org::eclipse::osgi::internal::baseadaptor::BasePermissionStorage,166.0,3,1,0,125.857,166.0,0.0,0,83.0,55.3333,0.0,0.0,83.0,55.3333,0.5,1,1,0,0,0,1.5526,0.0130683,0.0024648,0.0374733,0.00031645
aeeem,host::multiple::exports::PrivateClass2,0.0,1,1,0,40.8571,0.0,0.0,0,0.0,0.0,0.0,0.0,0.0,0.0,0.0,1,1,0,0,0,0.0,0.0,0.0,0.0,0.0
aeeem,org::eclipse::osgi::framework::internal::core::ServiceRegistryImpl,0.0,3,1,0,162.143,7.0,7.0,0,5.0,2.33333,5.0,2.33333,0.0,0.0,56.9592,2,1,0,0,0,2.66716,0.0370864,0.00493033,0.0668241,0.00133571
aeeem,org::eclipse::core::runtime::internal::stats::ResourceBundleStats,0.0,2,1,0,162.143,2.0,2.0,0,2.0,1.0,2.0,1.0,0.0,0.0,51.1429,1,1,0,0,0,1.80545,0.0204604,0.00325359,0.0449517,0.000776991
aeeem,org::eclipse::core::runtime::internal::adaptor::EclipseClassLoadingHook,458.0,12,1,2,125.714,569.0,111.0,0,264.0,47.4167,47.0,9.25,264.0,38.1667,4.5059,5,4,2,0,0,8.37205,0.335622,0.0527692,0.290368,0.136551
aeeem,org::eclipse::osgi::internal::signedcontent::SignedContentImpl,6.0,2,1,0,27.2857,9.0,3.0,0,9.0,4.5,3.0,1.5,6.0,3.0,16.4286,2,2,0,0,0,1.00337,0.0333408,0.0184252,0.059163,0.0641151
aeeem,org::eclipse::osgi::baseadaptor::bundlefile::BundleEntry,214.0,7,1,0,125.857,219.0,5.0,0,79.0,31.2857,2.0,0.714286,79.0,30.5714,2.44749,2,2,0,0,0,5.32311,0.0549416,0.0203139,0.155851,0.0560013
aeeem,org::eclipse::osgi::internal::module::ResolverImpl,2886.0,96,3,12,180.0,4201.0,1315.0,0,1063.0,43.7604,360.0,13.6979,1063.0,30.0625,42.1587,58,57,11,4,0,36.0219,2.67075,0.107839,0.993943,0.221266
aeeem,osgi::lazystart::c::excluded::a::CAExcluded,0.0,1,1,0,85.1429,0.0,0.0,0,0.0,0.0,0.0,0.0,0.0,0.0,0.0,1,1,0,0,0,0.0,0.0,0.0,0.0,0.0
aeeem,nativetest::c::Activator,0.0,1,1,0,42.0,0.0,0.0,0,0.0,0.0,0.0,0.0,0.0,0.0,0.0,1,1,0,0,0,0.0,0.0,0.0,0.0,0.0
aeeem,org::eclipse::osgi::framework::internal::protocol::MultiplexingURLStreamHandler,-8.0,4,1,0,124.286,7.0,15.0,0,3.0,1.75,7.0,3.75,0.0,-2.0,76.8163,2,1,0,0,0,3.61726,0.0523871,0.0149135,0.111739,0.0415065
aeeem,org::eclipse::osgi::service::resolver::DisabledInfo,1.0,4,1,0,34.8571,4.0,3.0,0,2.0,1.0,2.0,0.75,1.0,0.25,20.5714,3,3,0,0,0,1.782,0.0263727,0.0242588,0.0892005,0.0867542
aeeem,substitutes::q::AFq,0.0,1,1,0,19.1429,0.0,0.0,0,0.0,0.0,0.0,0.0,0.0,0.0,0.0,1,1,0,0,0,0.0,0.0,0.0,0.0,0.0
aeeem,legacy::lazystart::TrueExceptionLegacy1,0.0,1,1,0,85.1429,0.0,0.0,0,0.0,0.0,0.0,0.0,0.0,0.0,0.0,1,1,0,0,0,0.0,0.0,0.0,0.0,0.0
aeeem,org::eclipse::osgi::framework::internal::core::Framework,43.0,134,8,23,239.143,2262.0,2219.0,1,325.0,16.8806,502.0,16.5597,159.0,0.320896,66.8093,58,53,3,2,1,33.736,1.34951,0.093806,0.90957,0.195082
aeeem,org::osgi::service::condpermadmin::ConditionInfo,45.0,9,1,2,178.857,388.0,343.0,0,161.0,43.1111,134.0,38.1111,27.0,5.0,28.7121,2,2,0,0,0,7.2789,0.201274,0.00996334,0.168955,0.00157588
aeeem,org::eclipse::osgi::framework::internal::core::PermissionsHash,-8.0,9,5,2,239.143,82.0,90.0,0,68.0,9.11111,77.0,10.0,1.0,-0.888889,13.6638,0,0,0,0,0,3.36934,0.0233368,0.00504088,0.0799243,0.000804404
aeeem,org::eclipse::osgi::service::pluginconversion::PluginConversionException,27.0,7,4,1,217.714,37.0,10.0,0,29.0,5.28571,4.0,1.42857,27.0,3.85714,50.1622,1,1,0,0,0,2.99799,0.0330965,0.00356772,0.0676475,7.77927e-05
aeeem,nativetest::b1::Activator,0.0,1,1,0,53.0,0.0,0.0,0,0.0,0.0,0.0,0.0,0.0,0.0,0.0,1,1,1,1,0,0.0,0.0,0.0,0.0,0.0
aeeem,org::eclipse::osgi::internal::signedcontent::BERProcessor,0.0,1,1,0,27.2857,0.0,0.0,0,0.0,0.0,0.0,0.0,0.0,0.0,0.0,1,1,0,0,0,0.0,0.0,0.0,0.0,0.0
aeeem,org::eclipse::osgi::framework::log::FrameworkLogEntry,124.0,12,5,2,229.143,149.0,25.0,1,94.0,12.4167,6.0,2.08333,93.0,10.3333,77.0153,3,3,0,0,0,5.74218,0.127408,0.00789918,0.133789,0.000617421
aeeem,exporter::importer::Activator,0.0,1,1,0,21.5714,0.0,0.0,0,0.0,0.0,0.0,0.0,0.0,0.0,0.0,1,1,0,0,0,0.0,0.0,0.0,0.0,0.0
aeeem,org::eclipse::osgi::internal::baseadaptor::DevClassLoadingHook,196.0,6,1,0,125.714,205.0,9.0,0,76.0,34.1667,3.0,1.5,76.0,32.6667,6.77073,2,2,1,0,0,3.47713,0.0615772,0.00604026,0.0857186,0.00139815
aeeem,org::eclipse::core::runtime::internal::stats::ClassloaderStats,7.0,3,1,0,162.143,15.0,8.0,0,13.0,5.0,6.0,2.66667,7.0,2.33333,91.8762,2,2,0,0,0,2.8028,0.0476795,0.00632482,0.0736046,0.00506405
aeeem,org::eclipse::core::runtime::internal::adaptor::ClasspathManifest,162.0,6,1,0,125.857,184.0,22.0,0,88.0,30.6667,13.0,3.66667,88.0,27.0,0.482143,1,1,0,0,0,2.23731,0.016766,0.00355164,0.0539991,0.000455407
aeeem,org::eclipse::osgi::internal::resolver::StateHelperImpl,170.0,32,5,4,223.714,517.0,347.0,0,45.0,16.1563,101.0,10.8438,45.0,5.3125,82.9298,13,11,0,0,0,19.4467,0.661068,0.0480741,0.507472,0.0886258
aeeem,circularity::test::a::Activator,0.0,1,1,0,85.1429,0.0,0.0,0,0.0,0.0,0.0,0.0,0.0,0.0,0.0,1,1,0,0,0,0.0,0.0,0.0,0.0,0.0
aeeem,org::osgi::framework::PackagePermission,-52.0,12,4,1,239.143,1191.0,1243.0,0,522.0,99.25,542.0,103.583,8.0,-4.33333,62.356,2,2,0,0,0,5.38882,0.159366,0.00777846,0.12658,0.00153909
aeeem,org::eclipse::osgi::internal::resolver::StateWriter,556.0,43,7,3,239.143,872.0,316.0,0,184.0,20.2791,49.0,7.34884,139.0,12.9302,82.4025,22,20,2,1,1,18.2652,0.417263,0.0490372,0.488007,0.0997127
aeeem,org::eclipse::osgi::framework::internal::core::FrameworkSecurityManager,38.0,9,2,2,177.857,142.0,104.0,1,51.0,15.7778,42.0,11.5556,19.0,4.22222,43.168,2,2,0,0,0,7.71238,0.0709882,0.02402,0.212488,0.0578919
aeeem,org::eclipse::core::runtime::internal::adaptor::BundleLocalizationImpl,-3.0,3,1,0,162.143,2.0,5.0,0,2.0,0.666667,3.0,1.66667,0.0,-1.0,51.1429,1,1,0,0,0,2.80848,0.0264338,0.0046749,0.0685148,0.000872555
aeeem,org::eclipse::osgi::internal::module::PermissionChecker,115.0,13,3,1,180.0,167.0,52.0,0,40.0,12.8462,26.0,4.0,40.0,8.84615,15.7083,4,3,1,1,0,10.8639,0.115987,0.0269159,0.280953,0.0560865
aeeem,org::eclipse::osgi::framework::internal::core::SecurePermissionStorage,-1.0,3,1,1,162.143,14.0,15.0,0,13.0,4.66667,14.0,5.0,0.0,-0.333333,22.3673,1,1,0,0,0,2.55158,0.0336037,0.00445707,0.0628946,0.00126381
aeeem,org::eclipse::core::runtime::internal::adaptor::EclipseLogHook,250.0,3,1,0,125.286,250.0,0.0,0,125.0,83.3333,0.0,0.0,125.0,83.3333,0.214286,1,1,0,0,0,1.45568,0.0882774,0.00233034,0.0352055,0.000311875
aeeem,org::eclipse::osgi::framework::internal::core::SystemBundle,3.0,30,6,5,239.143,428.0,425.0,1,233.0,14.2667,266.0,14.1667,54.0,0.1,50.6575,5,5,1,0,0,11.0202,0.237714,0.0535415,0.341038,0.152795
aeeem,chain::test::c::Activator,0.0,1,1,0,85.1429,0.0,0.0,0,0.0,0.0,0.0,0.0,0.0,0.0,0.0,1,1,0,0,0,0.0,0.0,0.0,0.0,0.0
aeeem,org::eclipse::osgi::framework::internal::core::PackageSource,81.0,19,6,1,239.143,126.0,45.0,0,32.0,6.63158,11.0,2.36842,27.0,4.26316,61.3379,4,4,0,0,0,9.84115,0.122068,0.0204428,0.250087,0.0232856
aeeem,org::eclipse::osgi::framework::internal::core::ServiceRegistrationImpl,-70.0,23,6,4,218.714,1022.0,1092.0,1,649.0,44.4348,739.0,47.4783,95.0,-3.04348,53.0108,10,8,1,1,0,13.8863,0.389075,0.0341551,0.36207,0.0609485
aeeem,org::eclipse::osgi::framework::internal::protocol::reference::ReferenceURLConnection,-27.0,15,6,1,239.143,151.0,178.0,0,74.0,10.0667,83.0,11.8667,18.0,-1.8,36.4551,7,6,2,1,0,6.72719,0.0596479,0.00862322,0.154262,0.000427806
aeeem,org::eclipse::osgi::internal::profile::DefaultProfileLogger,86.0,3,1,0,162.143,94.0,8.0,0,86.0,31.3333,7.0,2.66667,85.0,28.6667,28.8571,3,2,0,0,0,2.71633,0.133846,0.0041602,0.064995,0.000444512
aeeem,org::eclipse::osgi::internal::module::GenericCapability,0.0,1,1,0,118.714,0.0,0.0,0,0.0,0.0,0.0,0.0,0.0,0.0,0.0,1,1,0,0,0,0.0,0.0,0.0,0.0,0.0
aeeem,org::eclipse::osgi::framework::internal::core::PolicyHandler,9.0,5,2,0,163.0,28.0,19.0,0,13.0,5.6,12.0,3.8,9.0,1.8,89.9388,3,3,0,0,0,5.55183,0.0656852,0.0218849,0.165368,0.0582527
aeeem,org::eclipse::osgi::framework::internal::core::ServiceUse,-85.0,20,7,4,239.143,439.0,524.0,1,259.0,21.95,306.0,26.2,14.0,-4.25,64.603,3,3,2,1,0,5.71254,0.116713,0.0253502,0.171902,0.0832536
aeeem,org::eclipse::osgi::internal::resolver::BundleDeltaImpl,27.0,9,5,1,239.143,52.0,25.0,0,15.0,5.77778,9.0,2.77778,8.0,3.0,42.8819,1,1,0,0,0,3.38341,0.00627343,0.00387981,0.0757162,6.20124e-05
aeeem,org::eclipse::osgi::internal::profile::Profile,35.0,3,1,0,162.143,55.0,20.0,0,48.0,18.3333,14.0,6.66667,34.0,11.6667,29.1403,3,2,0,0,0,2.71633,0.0962163,0.0041602,0.064995,0.000444512
aeeem,org::eclipse::core::runtime::internal::adaptor::URLConverterImpl,0.0,4,1,0,162.143,28.0,28.0,1,13.0,7.0,13.0,7.0,4.0,0.0,36.4898,2,2,0,0,0,2.23731,0.0122874,0.00355164,0.0539991,0.000455407
aeeem,org::eclipse::core::runtime::internal::adaptor::ContextFinder,91.0,21,2,0,162.143,263.0,172.0,0,67.0,12.5238,29.0,8.19048,43.0,4.33333,51.9723,12,10,4,3,0,12.6435,0.72654,0.0282441,0.328829,0.0309022
aeeem,org::eclipse::osgi::baseadaptor::bundlefile::BundleFile,404.0,13,1,2,125.857,421.0,17.0,0,183.0,32.3846,5.0,1.30769,183.0,31.0769,8.91347,5,5,1,0,0,9.83384,0.120935,0.0239365,0.262567,0.0270771
aeeem,legacy::lazystart::c::Activator,0.0,1,1,0,85.1429,0.0,0.0,0,0.0,0.0,0.0,0.0,0.0,0.0,0.0,1,1,0,0,0,0.0,0.0,0.0,0.0,0.0
aeeem,chain::test::b::BChain,0.0,1,1,0,85.1429,0.0,0.0,0,0.0,0.0,0.0,0.0,0.0,0.0,0.0,1,1,0,0,0,0.0,0.0,0.0,0.0,0.0
aeeem,ext::extclasspath::a::importer::Activator,10.0,2,1,0,40.8571,10.0,0.0,0,10.0,5.0,0.0,0.0,10.0,5.0,3.14286,1,1,0,0,0,1.11258,0.0301612,0.00568177,0.0373952,0.0173512
aeeem,org::eclipse::osgi::internal::signedcontent::TrustEngineListener,0.0,3,1,0,27.2857,3.0,3.0,0,2.0,1.0,2.0,1.0,0.0,0.0,19.5238,3,3,0,0,0,1.53632,0.0286861,0.0412709,0.12341,0.108877
aeeem,substitutes::x::Ax,0.0,1,1,0,19.1429,0.0,0.0,0,0.0,0.0,0.0,0.0,0.0,0.0,0.0,1,1,0,0,0,0.0,0.0,0.0,0.0,0.0
aeeem,org::eclipse::osgi::internal::resolver::BaseDescriptionImpl,76.0,5,3,0,180.0,81.0,5.0,0,38.0,16.2,3.0,1.0,38.0,15.2,1.85891,1,1,0,0,0,3.66738,0.00893218,0.00485337,0.084597,0.000407824
aeeem,org::eclipse::core::runtime::internal::adaptor::EclipseLazyStarter,447.0,10,1,2,125.714,547.0,100.0,0,202.0,54.7,73.0,10.0,159.0,44.7,17.9888,5,5,0,0,0,7.90097,0.326291,0.0299019,0.234359,0.0743943
aeeem,org::eclipse::core::runtime::adaptor::LocationManager,256.0,37,7,3,226.857,541.0,285.0,1,47.0,14.6216,27.0,7.7027,44.0,6.91892,72.8463,20,17,4,2,2,15.1537,0.697616,0.0504974,0.425571,0.109464
aeeem,org::eclipse::osgi::internal::signedcontent::PKCS7Processor,0.0,1,1,0,27.2857,0.0,0.0,0,0.0,0.0,0.0,0.0,0.0,0.0,0.0,1,1,0,0,0,0.0,0.0,0.0,0.0,0.0
aeeem,org::eclipse::osgi::internal::signedcontent::SignatureBlockProcessor,0.0,1,1,0,27.2857,0.0,0.0,0,0.0,0.0,0.0,0.0,0.0,0.0,0.0,1,1,0,0,0,0.0,0.0,0.0,0.0,0.0
aeeem,org::eclipse::osgi::framework::internal::protocol::MultiplexingFactory,0.0,2,1,0,124.286,1.0,1.0,0,1.0,0.5,1.0,0.5,0.0,0.0,7.57143,1,0,0,0,0,1.27192,0.00403564,0.00217381,0.0312557,0.000404701
aeeem,org::eclipse::core::runtime::internal::adaptor::EclipseEnvironmentInfo,8.0,7,1,0,162.143,27.0,19.0,0,15.0,3.85714,14.0,2.71429,8.0,1.14286,73.9894,6,5,0,0,0,3.20728,0.0410673,0.00909957,0.0878054,0.0189425
aeeem,org::eclipse::osgi::internal::signedcontent::BundleInstallListener,0.0,2,1,0,27.2857,1.0,1.0,0,1.0,0.5,1.0,0.5,0.0,0.0,14.2857,2,2,0,0,0,0.816746,0.00601882,0.0128408,0.0441128,0.0476675
aeeem,org::eclipse::core::runtime::internal::adaptor::Semaphore,0.0,3,1,0,162.143,3.0,3.0,0,2.0,1.0,2.0,1.0,0.0,0.0,61.0476,2,2,0,0,0,2.99956,0.0221878,0.00620245,0.0772125,0.00307906
aeeem,osgi::lazystart::LazyExclude1,0.0,1,1,0,85.1429,0.0,0.0,0,0.0,0.0,0.0,0.0,0.0,0.0,0.0,1,1,0,0,0,0.0,0.0,0.0,0.0,0.0
aeeem,substitutes::x::Nx,0.0,1,1,0,19.1429,0.0,0.0,0,0.0,0.0,0.0,0.0,0.0,0.0,0.0,1,1,0,0,0,0.0,0.0,0.0,0.0,0.0
aeeem,osgi::lazystart::b::excluded::b::BBExcluded,0.0,1,1,0,85.1429,0.0,0.0,0,0.0,0.0,0.0,0.0,0.0,0.0,0.0,1,1,0,0,0,0.0,0.0,0.0,0.0,0.0
aeeem,org::eclipse::equinox::launcher::WebStartMain,-26.0,14,2,2,81.1429,312.0,338.0,0,136.0,22.2857,242.0,24.1429,75.0,-1.85714,11.4899,7,7,3,2,0,7.74631,0.748927,0.0391368,0.255544,0.117569
aeeem,org::eclipse::core::runtime::internal::adaptor::LocationHelper,0.0,1,1,0,82.7143,0.0,0.0,1,0.0,0.0,0.0,0.0,0.0,0.0,0.0,0,0,0,0,0,0.0,0.0,0.0,0.0,0.0
aeeem,org::eclipse::core::runtime::internal::adaptor::DefaultStartupMonitor,13.0,2,1,0,81.2857,16.0,3.0,0,16.0,8.0,3.0,1.5,13.0,6.5,7.42857,2,2,0,0,0,1.23279,0.028671,0.00329293,0.0340271,0.00322608
aeeem,org::eclipse::osgi::framework::internal::protocol::ContentHandlerFactory,39.0,20,6,2,239.143,161.0,122.0,0,50.0,8.05,60.0,6.1,24.0,1.95,75.8651,9,7,2,0,0,12.8303,0.109973,0.0201323,0.307556,0.00482416
aeeem,osgi::lazystart::c::Activator,0.0,1,1,0,85.1429,0.0,0.0,0,0.0,0.0,0.0,0.0,0.0,0.0,0.0,1,1,0,0,0,0.0,0.0,0.0,0.0,0.0
aeeem,org::eclipse::osgi::framework::internal::core::BundleResourceHandler,573.0,16,4,0,180.0,670.0,97.0,0,280.0,41.875,29.0,6.0625,280.0,35.8125,11.5712,5,5,1,0,0,11.2716,0.0832847,0.0190556,0.274125,0.00948777
aeeem,org::eclipse::osgi::framework::internal::core::BundleHost,-210.0,77,7,14,239.143,790.0,1000.0,1,125.0,10.2597,183.0,12.987,49.0,-2.72727,73.3463,29,29,5,1,0,25.1033,0.588834,0.0746115,0.683134,0.119439
aeeem,org::eclipse::core::runtime::internal::adaptor::BasicLocation,51.0,7,2,0,162.143,93.0,42.0,1,56.0,13.2857,22.0,6.0,34.0,7.28571,114.169,5,3,0,0,0,5.09245,0.155495,0.0251327,0.164635,0.07697
aeeem,org::eclipse::osgi::internal::resolver::GenericDescriptionImpl,0.0,1,1,0,118.714,0.0,0.0,0,0.0,0.0,0.0,0.0,0.0,0.0,0.0,1,1,0,0,0,0.0,0.0,0.0,0.0,0.0
aeeem,org::eclipse::osgi::framework::internal::core::FrameworkCommandProvider,428.0,40,7,3,239.143,2866.0,2438.0,1,1355.0,71.65,1432.0,60.95,145.0,10.7,39.0123,13,9,0,0,0,20.7622,1.07722,0.0467079,0.538207,0.0602701
aeeem,osgi::lazystart::LazyInclude1,0.0,1,1,0,85.1429,0.0,0.0,0,0.0,0.0,0.0,0.0,0.0,0.0,0.0,1,1,0,0,0,0.0,0.0,0.0,0.0,0.0
aeeem,org::eclipse::osgi::framework::internal::core::FrameworkCommandInterpreter,-6.0,19,6,2,239.143,627.0,633.0,1,454.0,33.0,481.0,33.3158,14.0,-0.315789,31.5443,4,4,0,0,0,11.5097,0.579979,0.0346268,0.315998,0.080062
aeeem,org::eclipse::osgi::internal::baseadaptor::SystemBundleData,360.0,5,1,0,125.857,361.0,1.0,0,177.0,72.2,1.0,0.2,177.0,72.0,1.08271,3,2,0,0,0,3.74492,0.0435093,0.00786638,0.0965133,0.00520896
aeeem,org::eclipse::osgi::internal::baseadaptor::BundleUpdate,305.0,6,1,1,125.857,310.0,5.0,0,154.0,51.6667,4.0,0.833333,154.0,50.8333,0.506912,1,1,0,0,0,2.23731,0.0272677,0.00355164,0.0539991,0.000455407
aeeem,org::eclipse::osgi::internal::resolver::StateReader,951.0,50,7,6,239.143,1467.0,516.0,0,430.0,29.34,170.0,10.32,374.0,19.02,74.5032,20,19,3,2,1,21.5348,0.479871,0.0542056,0.566668,0.100592
aeeem,org::eclipse::osgi::internal::signedcontent::SignedBundleFile,9.0,3,1,0,27.2857,13.0,4.0,0,11.0,4.33333,2.0,1.33333,9.0,3.0,18.0,3,3,0,0,0,1.38948,0.0377823,0.0280779,0.086965,0.0927189
aeeem,org::eclipse::osgi::framework::internal::core::ConditionalPermissionInfoImpl,130.0,18,2,4,178.857,232.0,102.0,1,62.0,12.8889,56.0,5.66667,62.0,7.22222,26.6299,9,9,0,0,0,12.3019,0.253672,0.0274271,0.308872,0.0553026
aeeem,org::eclipse::osgi::internal::signedcontent::SignedContentMessages,2.0,2,1,0,27.2857,3.0,1.0,0,3.0,1.5,1.0,0.5,2.0,1.0,12.1429,2,2,0,0,0,0.894814,0.0237184,0.0117639,0.0440723,0.0461278
aeeem,org::eclipse::osgi::framework::eventmgr::EventListeners,161.0,11,5,0,239.143,260.0,99.0,0,142.0,23.6364,49.0,9.0,131.0,14.6364,34.961,2,2,0,0,0,7.82058,0.0604007,0.0396496,0.245305,0.119761
aeeem,xfriends::test3::Activator,0.0,1,1,0,40.8571,0.0,0.0,0,0.0,0.0,0.0,0.0,0.0,0.0,0.0,1,1,0,0,0,0.0,0.0,0.0,0.0,0.0
aeeem,org::eclipse::osgi::util::NLS,297.0,19,4,0,176.143,490.0,193.0,0,237.0,25.7895,62.0,10.1579,230.0,15.6316,45.9746,5,5,1,0,0,9.49506,0.484675,0.0432681,0.287726,0.125841
aeeem,org::eclipse::osgi::framework::debug::Debug,197.0,21,5,2,239.143,401.0,204.0,0,170.0,19.0952,141.0,9.71429,170.0,9.38095,45.7075,6,6,0,0,0,9.9193,0.203845,0.0144459,0.23388,0.00207367
aeeem,org::eclipse::osgi::framework::internal::core::PackageAdminImpl,-661.0,71,6,12,218.714,1323.0,1984.0,2,371.0,18.6338,747.0,27.9437,28.0,-9.30986,54.4563,40,38,6,4,0,27.5814,0.811584,0.080838,0.756585,0.170416
aeeem,org::eclipse::osgi::internal::baseadaptor::BaseHookConfigurator,58.0,5,1,0,125.0,60.0,2.0,0,28.0,12.0,1.0,0.4,28.0,11.6,0.22619,2,2,1,1,0,2.7276,0.0252222,0.00450414,0.0664612,0.000716577
aeeem,org::eclipse::osgi::baseadaptor::bundlefile::ZipBundleFile,624.0,13,1,0,125.857,646.0,22.0,0,285.0,49.6923,7.0,1.69231,285.0,48.0,6.21384,6,6,3,2,0,10.7773,0.280545,0.0357949,0.308028,0.0781678
aeeem,substitutes::y::By,0.0,1,1,0,19.1429,0.0,0.0,0,0.0,0.0,0.0,0.0,0.0,0.0,0.0,1,1,0,0,0,0.0,0.0,0.0,0.0,0.0
aeeem,substitutes::x::Lx,0.0,1,1,0,19.1429,0.0,0.0,0,0.0,0.0,0.0,0.0,0.0,0.0,0.0,1,1,0,0,0,0.0,0.0,0.0,0.0,0.0
aeeem,osgi::lazystart::b::excluded::a::BAExcluded,0.0,1,1,0,85.1429,0.0,0.0,0,0.0,0.0,0.0,0.0,0.0,0.0,0.0,1,1,0,0,0,0.0,0.0,0.0,0.0,0.0
aeeem,org::eclipse::osgi::framework::internal::core::BundleLoader,67.0,105,7,29,239.143,2604.0,2537.0,1,285.0,24.8,387.0,24.1619,111.0,0.638095,68.7444,45,43,2,2,1,27.0966,1.23574,0.0715919,0.723326,0.136933
aeeem,org::eclipse::osgi::framework::internal::core::ExportedPackageImpl,54.0,23,7,4,239.143,207.0,153.0,1,61.0,9.0,56.0,6.65217,36.0,2.34783,67.7108,4,4,0,0,0,8.59336,0.129787,0.0185703,0.218639,0.0292815
aeeem,org::eclipse::osgi::framework::internal::protocol::URLStreamHandlerProxy,-70.0,16,6,1,239.143,139.0,209.0,0,71.0,8.6875,120.0,13.0625,3.0,-4.375,49.0504,4,4,1,0,0,6.60072,0.167939,0.0205964,0.179821,0.0554315
aeeem,org::osgi::framework::InvalidSyntaxException,92.0,16,4,1,239.143,313.0,221.0,0,110.0,19.5625,64.0,13.8125,46.0,5.75,71.078,3,3,0,0,0,8.29275,0.113254,0.0131479,0.198537,0.0053541
aeeem,org::eclipse::osgi::baseadaptor::loader::ClasspathManager,1216.0,18,1,2,125.857,1356.0,140.0,0,572.0,75.3333,52.0,7.77778,572.0,67.5556,9.93753,9,8,2,0,0,10.4053,0.543131,0.0494132,0.327027,0.101643
aeeem,org::eclipse::osgi::framework::internal::core::SystemBundleLoader,81.0,14,6,2,239.143,155.0,74.0,0,89.0,11.0714,22.0,5.28571,75.0,5.78571,148.258,3,3,0,0,0,6.22347,0.244503,0.0135029,0.158543,0.0209589
aeeem,org::eclipse::osgi::internal::baseadaptor::AdaptorUtil,441.0,8,1,1,125.857,449.0,8.0,0,199.0,56.125,4.0,1.0,199.0,55.125,9.10945,3,2,0,0,0,7.01743,0.100508,0.027289,0.208953,0.0725072
aeeem,org::eclipse::osgi::framework::util::SecureAction,329.0,27,5,4,224.0,472.0,143.0,1,102.0,17.4815,44.0,5.2963,66.0,12.1852,70.8021,6,5,2,0,0,15.226,0.340267,0.0365523,0.394734,0.0631769
aeeem,org::eclipse::osgi::framework::internal::protocol::reference::Handler,-17.0,7,5,1,239.143,45.0,62.0,0,27.0,6.42857,34.0,8.85714,0.0,-2.42857,19.9016,0,0,0,0,0,3.36934,0.0233368,0.00504088,0.0799243,0.000804404
aeeem,org::eclipse::osgi::baseadaptor::loader::FragmentClasspath,145.0,5,1,0,125.857,147.0,2.0,0,72.0,29.4,2.0,0.4,72.0,29.0,0.705539,2,2,0,0,0,4.04276,0.0321498,0.00680523,0.0989508,0.0012324
aeeem,org::eclipse::osgi::framework::internal::core::AbstractBundle,-116.0,67,5,11,218.714,789.0,905.0,2,93.0,11.7761,230.0,13.5075,89.0,-1.73134,63.453,28,27,4,2,0,30.3698,0.727254,0.11462,0.88573,0.267032
aeeem,org::eclipse::osgi::framework::internal::reliablefile::ReliableFileInputStream,116.0,12,7,2,239.143,220.0,104.0,0,104.0,18.3333,78.0,8.66667,102.0,9.66667,31.0792,3,3,0,0,0,5.63536,0.044671,0.00834157,0.133442,0.00113745
aeeem,host::multiple::exports::onlyone::PublicClass1,0.0,1,1,0,40.8571,0.0,0.0,0,0.0,0.0,0.0,0.0,0.0,0.0,0.0,1,1,0,0,0,0.0,0.0,0.0,0.0,0.0
aeeem,substitutes::z::Ez,0.0,1,1,0,19.1429,0.0,0.0,0,0.0,0.0,0.0,0.0,0.0,0.0,0.0,1,1,0,0,0,0.0,0.0,0.0,0.0,0.0
aeeem,substitutes::x::Jx,0.0,1,1,0,19.1429,0.0,0.0,0,0.0,0.0,0.0,0.0,0.0,0.0,0.0,1,1,0,0,0,0.0,0.0,0.0,0.0,0.0
aeeem,org::eclipse::osgi::internal::baseadaptor::BundleInstall,262.0,4,1,0,125.857,265.0,3.0,0,132.0,66.25,3.0,0.75,132.0,65.5,0.500809,1,1,0,0,0,2.23731,0.0221957,0.00355164,0.0539991,0.000455407
aeeem,nativetest::a2::Activator,0.0,1,1,0,53.0,0.0,0.0,0,0.0,0.0,0.0,0.0,0.0,0.0,0.0,1,1,1,1,0,0.0,0.0,0.0,0.0,0.0
aeeem,org::eclipse::osgi::framework::internal::core::BundleCombinedPermissions,-14.0,18,6,4,239.143,251.0,265.0,1,128.0,13.9444,149.0,14.7222,26.0,-0.777778,49.6773,3,3,0,0,0,8.89851,0.144607,0.0232527,0.231539,0.0551954
aeeem,org::eclipse::osgi::tests::appadmin::FailedApp,0.0,1,1,0,39.7143,0.0,0.0,0,0.0,0.0,0.0,0.0,0.0,0.0,0.0,1,1,0,0,0,0.0,0.0,0.0,0.0,0.0
aeeem,client2::multiple::exports::Activator,0.0,1,1,0,40.8571,0.0,0.0,0,0.0,0.0,0.0,0.0,0.0,0.0,0.0,1,1,0,0,0,0.0,0.0,0.0,0.0,0.0
aeeem,org::eclipse::osgi::internal::provisional::service::security::AuthorizationStatus,0.0,1,1,0,13.0,0.0,0.0,0,0.0,0.0,0.0,0.0,0.0,0.0,0.0,1,1,0,0,0,0.0,0.0,0.0,0.0,0.0
aeeem,org::eclipse::core::runtime::adaptor::EclipseStarter,1348.0,169,7,35,239.143,2958.0,1610.0,1,124.0,17.503,128.0,9.52663,104.0,7.97633,63.7094,78,71,11,2,4,38.2812,2.09375,0.149026,1.12823,0.328692
aeeem,org::eclipse::osgi::service::resolver::VersionRange,326.0,9,3,0,180.0,342.0,16.0,0,161.0,38.0,6.0,1.77778,161.0,36.2222,3.12239,1,1,0,0,0,6.91692,0.029826,0.0373884,0.220354,0.118994
aeeem,org::eclipse::osgi::internal::module::GroupingChecker,743.0,26,3,3,180.0,1624.0,881.0,0,335.0,62.4615,340.0,33.8846,335.0,28.5769,39.1218,9,9,1,1,0,16.5442,1.32279,0.0437113,0.440377,0.0850151
aeeem,org::eclipse::core::runtime::internal::adaptor::EclipseErrorHandler,218.0,4,1,0,125.857,280.0,62.0,0,165.0,70.0,62.0,15.5,165.0,54.5,0.401531,1,1,0,0,0,2.23731,0.0302164,0.00355164,0.0539991,0.000455407
aeeem,legacy::lazystart::TrueExceptionLegacy2,0.0,1,1,0,85.1429,0.0,0.0,0,0.0,0.0,0.0,0.0,0.0,0.0,0.0,1,1,0,0,0,0.0,0.0,0.0,0.0,0.0
aeeem,org::eclipse::osgi::baseadaptor::bundlefile::ZipBundleEntry,268.0,8,1,0,125.857,280.0,12.0,0,101.0,35.0,6.0,1.5,101.0,33.5,23.3423,4,4,1,1,0,7.8367,0.270869,0.0449137,0.262245,0.134582
aeeem,org::osgi::framework::BundleException,20.0,18,4,2,239.143,344.0,324.0,0,101.0,19.1111,106.0,18.0,28.0,1.11111,59.1516,3,3,0,0,0,7.23232,0.095036,0.0100697,0.16858,0.00161281
aeeem,org::eclipse::osgi::framework::internal::core::SystemPolicy,0.0,2,2,0,163.0,3.0,3.0,0,3.0,1.5,3.0,1.5,0.0,0.0,144.857,1,1,0,0,0,1.28035,0.00229861,0.0135087,0.0568998,0.0547689
aeeem,org::eclipse::osgi::framework::util::Headers,-13.0,20,5,5,239.143,483.0,496.0,0,249.0,24.15,276.0,24.8,23.0,-0.65,51.7232,5,5,0,0,0,8.96461,0.401919,0.0144483,0.216101,0.00449742
aeeem,org::eclipse::osgi::framework::internal::core::PermissionAdminImpl,-85.0,26,3,4,218.714,224.0,309.0,2,63.0,8.61538,186.0,11.8846,35.0,-3.26923,50.9311,14,14,0,0,0,12.9001,0.35029,0.0294786,0.327427,0.0562521
aeeem,org::eclipse::osgi::internal::baseadaptor::InvalidVersion,87.0,5,1,0,125.857,91.0,4.0,0,43.0,18.2,3.0,0.8,43.0,17.4,3.32967,1,1,0,0,0,4.6384,0.0386101,0.0192271,0.139325,0.0558623
aeeem,substitutes::y::My,0.0,1,1,0,19.1429,0.0,0.0,0,0.0,0.0,0.0,0.0,0.0,0.0,0.0,1,1,0,0,0,0.0,0.0,0.0,0.0,0.0
aeeem,org::eclipse::osgi::internal::resolver::ComputeNodeOrder,-2.0,7,3,3,217.286,11.0,13.0,0,4.0,1.57143,4.0,1.85714,0.0,-0.285714,71.4545,3,3,0,0,0,5.37258,0.0266627,0.0090543,0.129977,0.00651095
aeeem,org::eclipse::osgi::framework::util::KeyedHashSet,979.0,5,1,0,125.857,982.0,3.0,0,489.0,196.4,2.0,0.6,489.0,195.8,0.532296,2,2,0,0,0,4.04276,0.0985122,0.00680523,0.0989508,0.0012324
aeeem,chain::test::b::Activator,0.0,1,1,0,85.1429,0.0,0.0,0,0.0,0.0,0.0,0.0,0.0,0.0,0.0,1,1,0,0,0,0.0,0.0,0.0,0.0,0.0
aeeem,org::eclipse::osgi::internal::resolver::UserState,19.0,10,4,3,237.714,110.0,91.0,0,37.0,11.0,25.0,9.1,27.0,1.9,36.3065,3,3,0,0,0,4.60695,0.119214,0.00788788,0.112732,0.00257616
aeeem,org::eclipse::osgi::internal::signedcontent::SignedBundleHook,0.0,4,1,0,27.2857,5.0,5.0,0,2.0,1.25,2.0,1.25,0.0,0.0,11.0857,4,4,0,0,0,2.6703,0.0268895,0.034787,0.13087,0.129104
aeeem,org::eclipse::core::runtime::internal::adaptor::PluginConverterImpl,20.0,16,3,0,162.143,80.0,60.0,0,27.0,5.0,15.0,3.75,12.0,1.25,36.6125,11,10,1,0,0,11.7006,0.184042,0.0294548,0.305974,0.0568029
aeeem,org::eclipse::osgi::internal::resolver::HostSpecificationImpl,49.0,11,6,0,239.143,88.0,39.0,0,26.0,8.0,13.0,3.54545,13.0,4.45455,58.4562,3,3,0,0,0,5.41761,0.0200353,0.00949089,0.131371,0.0102415
aeeem,org::osgi::framework::BundlePermission,-22.0,18,4,4,239.143,849.0,871.0,0,551.0,47.1667,570.0,48.3889,44.0,-1.22222,64.3996,4,4,0,0,0,9.006,0.680116,0.0139718,0.214537,0.00536056
aeeem,org::eclipse::osgi::internal::signedcontent::LegacyVerifierFactory,0.0,1,1,0,27.2857,0.0,0.0,0,0.0,0.0,0.0,0.0,0.0,0.0,0.0,1,1,0,0,0,0.0,0.0,0.0,0.0,0.0
aeeem,org::eclipse::osgi::framework::internal::core::GlobalPolicy,9.0,4,2,0,163.0,46.0,37.0,0,29.0,11.5,26.0,9.25,20.0,2.25,58.2391,3,3,0,0,0,4.27148,0.132549,0.00837626,0.108468,0.00348376
aeeem,org::eclipse::osgi::framework::internal::core::BundleContextImpl,110.0,35,6,8,218.714,504.0,394.0,1,74.0,14.4,77.0,11.2571,37.0,3.14286,65.8846,11,8,2,1,0,15.07,0.308881,0.0547618,0.42891,0.126098
aeeem,legacy::lazystart::b::Activator,0.0,1,1,0,85.1429,0.0,0.0,0,0.0,0.0,0.0,0.0,0.0,0.0,0.0,1,1,0,0,0,0.0,0.0,0.0,0.0,0.0
aeeem,org::eclipse::osgi::framework::debug::FrameworkDebugOptions,5.0,5,2,0,162.143,8.0,3.0,1,4.0,1.6,3.0,0.6,3.0,1.0,18.125,2,1,0,0,0,2.90044,0.00629642,0.00408857,0.0679942,0.000332869
aeeem,org::eclipse::osgi::internal::module::ResolverConstraint,86.0,8,1,0,155.0,101.0,15.0,0,86.0,12.625,10.0,1.875,76.0,10.75,90.215,5,5,0,0,0,5.80382,0.0817917,0.0346087,0.203948,0.11455
aeeem,org::eclipse::osgi::internal::module::MappedList,0.0,1,1,0,155.0,0.0,0.0,0,0.0,0.0,0.0,0.0,0.0,0.0,0.0,0,0,0,0,0,0.0,0.0,0.0,0.0,0.0
aeeem,org::eclipse::osgi::framework::internal::protocol::URLStreamHandlerSetter,-18.0,6,5,0,239.143,17.0,35.0,0,9.0,2.83333,28.0,5.83333,1.0,-3.0,33.7731,0,0,0,0,0,3.36934,0.0233368,0.00504088,0.0799243,0.000804404
aeeem,org::eclipse::osgi::framework::internal::core::SingleSourcePackage,35.0,14,6,1,239.143,91.0,56.0,0,24.0,6.5,10.0,4.0,14.0,2.5,59.6986,3,3,0,0,0,6.16292,0.0324196,0.0138021,0.158311,0.0219184
aeeem,org::osgi::framework::FrameworkUtil,25.0,11,2,0,153.714,134.0,109.0,0,84.0,12.1818,83.0,9.90909,79.0,2.27273,14.8571,4,4,0,0,0,5.15419,0.114107,0.0105398,0.1318,0.00655156
aeeem,org::eclipse::osgi::framework::internal::core::ManifestLocalization,23.0,25,6,8,227.286,230.0,207.0,1,69.0,9.2,60.0,8.28,21.0,0.92,34.2242,7,7,2,1,1,6.72772,0.124285,0.0391495,0.226623,0.0687957
aeeem,org::eclipse::core::runtime::internal::adaptor::EclipseAdaptorHook,416.0,11,2,0,125.857,454.0,38.0,1,210.0,41.2727,14.0,3.45455,210.0,37.8182,8.03398,5,5,0,0,0,6.31789,0.227813,0.0406183,0.219534,0.124534
aeeem,org::eclipse::osgi::framework::internal::core::Constants,219.0,39,6,1,239.143,457.0,238.0,0,75.0,11.7179,66.0,6.10256,75.0,5.61538,52.698,18,18,2,1,0,16.069,0.131181,0.0416158,0.419616,0.0889745
aeeem,org::osgi::service::condpermadmin::BundleLocationCondition,74.0,12,2,2,178.714,234.0,160.0,0,80.0,19.5,58.0,13.3333,60.0,6.16667,29.7265,3,3,0,0,0,6.88373,0.159463,0.00971829,0.160984,0.00161592
aeeem,org::eclipse::osgi::internal::service::security::DefaultAuthorizationEngine,81.0,6,1,0,27.2857,111.0,30.0,0,78.0,18.5,19.0,5.0,59.0,13.5,11.7194,6,6,0,0,0,4.27896,0.189308,0.0628312,0.22498,0.215324
aeeem,org::eclipse::osgi::internal::signedcontent::SignedStorageHook,0.0,1,1,0,27.2857,0.0,0.0,0,0.0,0.0,0.0,0.0,0.0,0.0,0.0,1,1,0,0,0,0.0,0.0,0.0,0.0,0.0
aeeem,org::eclipse::osgi::framework::internal::core::FrameworkConsole,-11.0,32,7,4,239.143,383.0,394.0,0,130.0,11.9687,93.0,12.3125,37.0,-0.34375,134.957,16,13,1,1,0,17.6953,1.0227,0.0736928,0.532231,0.199519
aeeem,org::eclipse::osgi::framework::internal::protocol::ContentHandlerProxy,-34.0,15,6,0,239.143,124.0,158.0,0,60.0,8.26667,86.0,10.5333,3.0,-2.26667,53.3629,4,4,1,0,0,6.60072,0.163109,0.0205964,0.179821,0.0554315
aeeem,org::eclipse::osgi::internal::resolver::ResolverErrorImpl,24.0,7,1,1,145.286,28.0,4.0,0,10.0,4.0,3.0,0.571429,10.0,3.42857,41.6582,6,5,0,0,0,6.22082,0.0783869,0.0179558,0.171417,0.038027
aeeem,substitutes::y::Ky,0.0,1,1,0,19.1429,0.0,0.0,0,0.0,0.0,0.0,0.0,0.0,0.0,0.0,1,1,0,0,0,0.0,0.0,0.0,0.0,0.0
aeeem,org::osgi::framework::AdminPermission,693.0,31,4,5,239.143,2965.0,2272.0,0,768.0,95.6452,442.0,73.2903,619.0,22.3548,75.5909,7,7,1,0,0,13.805,0.995158,0.0321697,0.354113,0.0592982
aeeem,org::eclipse::osgi::internal::signedcontent::SignerInfoImpl,0.0,1,1,0,27.2857,0.0,0.0,0,0.0,0.0,0.0,0.0,0.0,0.0,0.0,1,1,0,0,0,0.0,0.0,0.0,0.0,0.0
aeeem,org::eclipse::core::launcher::Main,7.0,3,1,0,81.0,12.0,5.0,0,8.0,4.0,3.0,1.66667,6.0,2.33333,19.2381,1,1,0,0,0,1.69869,0.0601907,0.00529719,0.0489429,0.00777886
aeeem,org::eclipse::osgi::baseadaptor::BaseData,960.0,15,1,2,125.857,1033.0,73.0,0,442.0,68.8667,28.0,4.86667,442.0,64.0,3.26151,7,7,1,0,0,8.65833,0.221717,0.0179208,0.222256,0.0117623
aeeem,osgi::lazystart::b::Activator,0.0,1,1,0,85.1429,0.0,0.0,0,0.0,0.0,0.0,0.0,0.0,0.0,0.0,1,1,0,0,0,0.0,0.0,0.0,0.0,0.0
aeeem,org::eclipse::osgi::framework::adaptor::BundleProtectionDomain,0.0,8,2,1,179.0,57.0,57.0,0,37.0,7.125,42.0,7.125,33.0,0.0,2.4787,0,0,0,0,0,6.55322,0.036488,0.00770707,0.147474,0.000155169
aeeem,org::eclipse::osgi::framework::adaptor::FilePath,0.0,3,2,0,159.0,4.0,4.0,0,2.0,1.33333,2.0,1.33333,0.0,0.0,76.4286,1,1,0,0,0,2.75305,0.0091516,0.0155124,0.0911691,0.0548736
aeeem,org::eclipse::osgi::internal::baseadaptor::DevClassPathHelper,234.0,3,1,0,125.857,234.0,0.0,0,117.0,78.0,0.0,0.0,117.0,78.0,0.5,1,1,0,0,0,1.5526,0.0184215,0.0024648,0.0374733,0.00031645
aeeem,osgi::lazystart::LazyExclude2,0.0,1,1,0,85.1429,0.0,0.0,0,0.0,0.0,0.0,0.0,0.0,0.0,0.0,1,1,0,0,0,0.0,0.0,0.0,0.0,0.0
aeeem,org::eclipse::osgi::baseadaptor::BaseAdaptor,1019.0,15,1,1,125.857,1146.0,127.0,0,550.0,76.4,51.0,8.46667,550.0,67.9333,0.858639,4,4,2,1,0,5.08544,0.137283,0.00968362,0.127419,0.00680595
aeeem,org::eclipse::osgi::internal::resolver::ImportPackageSpecificationImpl,309.0,20,3,0,180.0,394.0,85.0,0,146.0,19.7,27.0,4.25,146.0,15.45,10.7237,6,6,0,0,0,12.9885,0.17406,0.0360633,0.344082,0.0845679
aeeem,org::eclipse::osgi::framework::internal::core::FilteredSourcePackage,184.0,9,3,0,180.0,212.0,28.0,0,86.0,23.5556,10.0,3.11111,86.0,20.4444,6.76954,3,3,0,0,0,6.16292,0.0373794,0.0138021,0.158311,0.0219184
aeeem,org::eclipse::osgi::internal::resolver::NativeCodeSpecificationImpl,12.0,4,1,0,42.0,41.0,29.0,0,15.0,10.25,14.0,7.25,8.0,3.0,10.446,4,4,1,0,0,3.68818,0.1925,0.0244717,0.135548,0.0883042
aeeem,org::osgi::framework::BundleEvent,77.0,18,4,2,239.143,526.0,449.0,0,140.0,29.2222,144.0,24.9444,33.0,4.27778,77.5598,4,4,0,0,0,8.82648,0.214961,0.0151456,0.215315,0.00731411
aeeem,org::eclipse::osgi::internal::baseadaptor::BundleUninstall,136.0,3,1,0,125.857,136.0,0.0,0,68.0,45.3333,0.0,0.0,68.0,45.3333,0.5,1,1,0,0,0,1.5526,0.0107065,0.0024648,0.0374733,0.00031645
aeeem,org::eclipse::osgi::internal::resolver::NativeCodeDescriptionImpl,0.0,1,1,0,42.0,0.0,0.0,0,0.0,0.0,0.0,0.0,0.0,0.0,0.0,1,1,0,0,0,0.0,0.0,0.0,0.0,0.0
aeeem,org::eclipse::osgi::internal::baseadaptor::BaseStorage,2530.0,31,1,1,125.857,2656.0,126.0,0,1111.0,85.6774,33.0,4.06452,1111.0,81.6129,9.31847,18,16,2,2,0,20.3646,0.844937,0.0870271,0.625331,0.222811
aeeem,org::eclipse::osgi::framework::internal::protocol::bundleresource::Handler,22.0,13,4,1,231.429,78.0,56.0,1,16.0,6.0,10.0,4.30769,10.0,1.69231,65.7912,3,3,1,0,0,6.22636,0.0292961,0.0105656,0.151156,0.00678987
aeeem,org::osgi::framework::Version,715.0,11,2,0,180.0,775.0,60.0,0,360.0,70.4545,23.0,5.45455,360.0,65.0,3.36479,3,3,0,0,0,6.87477,0.0971116,0.0113859,0.16624,0.00529384
aeeem,xfriends::test2::Activator,0.0,1,1,0,40.8571,0.0,0.0,0,0.0,0.0,0.0,0.0,0.0,0.0,0.0,1,1,0,0,0,0.0,0.0,0.0,0.0,0.0
aeeem,org::eclipse::osgi::storagemanager::ManagedOutputStream,5.0,6,1,1,127.857,7.0,2.0,0,3.0,1.16667,1.0,0.333333,2.0,0.833333,34.7551,2,2,0,0,0,3.24068,0.00937033,0.0219768,0.113162,0.0645705
aeeem,org::eclipse::osgi::baseadaptor::loader::ClasspathEntry,161.0,5,1,0,125.857,163.0,2.0,0,80.0,32.6,2.0,0.4,80.0,32.2,0.685364,2,2,0,0,0,4.04276,0.0334094,0.00680523,0.0989508,0.0012324
aeeem,org::eclipse::osgi::framework::internal::core::Util,-10.0,7,5,1,239.143,200.0,210.0,0,190.0,28.5714,200.0,30.0,0.0,-1.42857,7.53071,1,1,0,0,0,3.36934,0.0233368,0.00504088,0.0799243,0.000804404
aeeem,osgi::lazystart::LazyInclude2,0.0,1,1,0,85.1429,0.0,0.0,0,0.0,0.0,0.0,0.0,0.0,0.0,0.0,1,1,0,0,0,0.0,0.0,0.0,0.0,0.0
aeeem,chain::test::a::AChain,0.0,1,1,0,85.1429,0.0,0.0,0,0.0,0.0,0.0,0.0,0.0,0.0,0.0,1,1,0,0,0,0.0,0.0,0.0,0.0,0.0
aeeem,org::eclipse::osgi::internal::resolver::ReadOnlyState,109.0,24,5,2,230.143,210.0,101.0,0,45.0,8.75,41.0,4.20833,27.0,4.54167,68.6218,13,12,1,1,0,16.3188,0.123923,0.0443781,0.435704,0.0966744
aeeem,substitutes::y::Iy,0.0,1,1,0,19.1429,0.0,0.0,0,0.0,0.0,0.0,0.0,0.0,0.0,0.0,1,1,0,0,0,0.0,0.0,0.0,0.0,0.0
aeeem,client1::multiple::exports::Activator,0.0,1,1,0,40.8571,0.0,0.0,0,0.0,0.0,0.0,0.0,0.0,0.0,0.0,1,1,0,0,0,0.0,0.0,0.0,0.0,0.0
aeeem,org::eclipse::osgi::internal::module::ResolverImport,222.0,9,3,1,180.0,383.0,161.0,0,177.0,42.5556,70.0,17.8889,177.0,24.6667,1.96792,3,3,0,0,0,6.42741,0.120058,0.00924943,0.150411,0.00321324
aeeem,org::eclipse::osgi::framework::internal::protocol::NullURLStreamHandlerService,-61.0,7,5,1,239.143,24.0,85.0,0,16.0,3.42857,43.0,12.1429,0.0,-8.71429,25.3869,0,0,0,0,0,3.36934,0.0233368,0.00504088,0.0799243,0.000804404
aeeem,org::eclipse::osgi::framework::internal::core::FilteredServiceListener,40.0,13,7,3,239.143,156.0,116.0,1,52.0,12.0,60.0,8.92308,23.0,3.07692,77.5147,2,1,1,1,0,4.65896,0.159571,0.0184419,0.136297,0.0560989
aeeem,org::eclipse::core::runtime::adaptor::EclipseLog,622.0,38,6,7,229.0,795.0,173.0,0,296.0,20.9211,39.0,4.55263,257.0,16.3684,53.9493,18,13,0,0,0,14.3621,0.540803,0.0437173,0.390746,0.104634
aeeem,org::eclipse::osgi::internal::baseadaptor::StateManager,628.0,9,1,0,125.857,671.0,43.0,0,341.0,74.5556,37.0,4.77778,341.0,69.7778,2.92463,4,4,0,0,0,5.64169,0.0966717,0.0156634,0.1548,0.0276204
aeeem,org::eclipse::osgi::baseadaptor::HookRegistry,606.0,12,1,0,125.857,662.0,56.0,0,282.0,55.1667,22.0,4.66667,282.0,50.5,4.61135,4,3,0,0,0,5.67634,0.12793,0.0214375,0.167018,0.057939
aeeem,org::eclipse::osgi::service::security::TrustEngine,4.0,3,1,0,27.2857,5.0,1.0,0,3.0,1.66667,1.0,0.333333,3.0,1.33333,14.2,3,3,0,0,0,2.28372,0.00948452,0.0319338,0.116063,0.118884
aeeem,org::eclipse::osgi::framework::internal::core::BundleLoaderProxy,113.0,47,7,4,239.143,688.0,575.0,1,157.0,14.6383,161.0,12.234,46.0,2.40426,56.9778,16,16,1,1,0,17.541,0.243089,0.0484294,0.472579,0.100283
aeeem,org::eclipse::osgi::util::ManifestElement,64.0,32,7,6,237.143,877.0,813.0,1,162.0,27.4062,331.0,25.4063,102.0,2.0,40.9471,5,5,1,0,0,9.68165,0.311328,0.0129467,0.224078,0.000918523
aeeem,org::eclipse::osgi::framework::internal::core::RegisteredPolicy,4.0,4,2,0,163.0,33.0,29.0,0,21.0,8.25,19.0,7.25,13.0,1.0,57.4805,3,3,0,0,0,4.27148,0.104025,0.00837626,0.108468,0.00348376
aeeem,org::eclipse::osgi::framework::eventmgr::ListenerQueue,4.0,10,4,0,218.857,55.0,51.0,0,27.0,5.5,27.0,5.1,2.0,0.4,29.1065,1,1,0,0,0,6.81721,0.0312508,0.0212244,0.186142,0.0556459
aeeem,org::eclipse::core::runtime::internal::adaptor::EclipseStorageHook,892.0,9,1,0,125.857,980.0,88.0,0,406.0,108.889,61.0,9.77778,406.0,99.1111,7.39883,5,5,0,0,0,7.23456,0.301141,0.0253898,0.208509,0.0609208
aeeem,org::osgi::service::url::AbstractURLStreamHandlerService,-16.0,9,4,0,239.143,345.0,361.0,0,149.0,38.3333,152.0,40.1111,8.0,-1.77778,63.3379,1,1,0,0,0,4.35837,0.0823365,0.00641311,0.102749,0.00147895
aeeem,org::eclipse::osgi::framework::internal::core::OSGi,-11.0,12,6,1,239.143,116.0,127.0,0,86.0,9.66667,95.0,10.5833,0.0,-0.916667,24.7007,0,0,0,0,0,6.12239,0.0462415,0.0205532,0.171093,0.055678
aeeem,test1::Activator,0.0,1,1,0,85.1429,0.0,0.0,0,0.0,0.0,0.0,0.0,0.0,0.0,0.0,1,1,0,0,0,0.0,0.0,0.0,0.0,0.0
aeeem,nativetest::a1::Activator,0.0,1,1,0,53.0,0.0,0.0,0,0.0,0.0,0.0,0.0,0.0,0.0,0.0,1,1,1,1,0,0.0,0.0,0.0,0.0,0.0
aeeem,org::eclipse::osgi::internal::signedcontent::SignedContentFile,0.0,1,1,0,11.0,0.0,0.0,0,0.0,0.0,0.0,0.0,0.0,0.0,0.0,1,1,0,0,0,0.0,0.0,0.0,0.0,0.0
aeeem,org::eclipse::equinox::launcher::JNIBridge,29.0,8,1,1,81.1429,51.0,22.0,0,22.0,6.375,7.0,2.75,22.0,3.625,15.549,4,4,0,0,0,4.53581,0.157968,0.0152032,0.133315,0.0264943
aeeem,org::eclipse::core::runtime::internal::adaptor::MessageHelper,0.0,1,1,0,82.7143,0.0,0.0,1,0.0,0.0,0.0,0.0,0.0,0.0,0.0,0,0,0,0,0,0.0,0.0,0.0,0.0,0.0
aeeem,substitutes::x::Bx,0.0,1,1,0,19.1429,0.0,0.0,0,0.0,0.0,0.0,0.0,0.0,0.0,0.0,1,1,0,0,0,0.0,0.0,0.0,0.0,0.0
aeeem,org::eclipse::osgi::framework::internal::core::ConditionalPermissions,68.0,14,2,3,178.857,157.0,89.0,1,61.0,11.2143,28.0,6.35714,33.0,4.85714,14.7607,8,8,0,0,0,9.10093,0.0808095,0.0114799,0.208031,0.000415436
aeeem,legacy::lazystart::c::excluded::b::CBExcluded,0.0,1,1,0,85.1429,0.0,0.0,0,0.0,0.0,0.0,0.0,0.0,0.0,0.0,1,1,0,0,0,0.0,0.0,0.0,0.0,0.0
aeeem,org::eclipse::osgi::internal::module::GenericConstraint,0.0,2,1,0,118.714,2.0,2.0,0,2.0,1.0,2.0,1.0,0.0,0.0,75.4286,2,2,0,0,0,1.03146,0.0029311,0.00484775,0.0337279,0.0135787
aeeem,org::eclipse::osgi::framework::internal::core::NullPackageSource,44.0,15,6,1,239.143,85.0,41.0,0,20.0,5.66667,9.0,2.73333,12.0,2.93333,56.2202,1,1,0,0,0,7.55094,0.0319402,0.0225399,0.204387,0.0559117
aeeem,org::eclipse::osgi::internal::resolver::StateImpl,779.0,78,6,16,239.143,1442.0,663.0,0,252.0,18.4872,124.0,8.5,128.0,9.98718,93.6404,46,44,8,4,1,30.7015,1.00321,0.0822609,0.824092,0.156827
aeeem,org::eclipse::osgi::internal::service::security::KeyStoreTrustEngine,35.0,5,1,0,27.2857,53.0,18.0,0,28.0,10.6,7.0,3.6,21.0,7.0,17.9946,4,4,1,0,0,2.95723,0.38182,0.051926,0.178434,0.15454
aeeem,org::osgi::service::condpermadmin::BundleSignerCondition,-40.0,11,2,0,173.857,111.0,151.0,0,28.0,10.0909,55.0,13.7273,7.0,-3.63636,26.7143,3,3,0,0,0,7.35911,0.141696,0.0103033,0.171798,0.00162962
aeeem,chain::test::a::Activator,0.0,1,1,0,85.1429,0.0,0.0,0,0.0,0.0,0.0,0.0,0.0,0.0,0.0,1,1,0,0,0,0.0,0.0,0.0,0.0,0.0
aeeem,org::eclipse::osgi::framework::internal::core::BundleFragment,-161.0,36,6,10,239.143,350.0,511.0,1,78.0,9.72222,141.0,14.1944,51.0,-4.47222,38.1771,7,7,2,1,0,9.22487,0.0576901,0.026098,0.246306,0.062634
aeeem,org::eclipse::osgi::framework::internal::core::BundleURLConnection,2.0,5,1,0,162.143,14.0,12.0,0,6.0,2.8,5.0,2.4,1.0,0.4,36.2653,2,2,0,0,0,4.83075,0.0157717,0.00772207,0.116694,0.00119813
aeeem,org::eclipse::osgi::framework::internal::protocol::StreamHandlerFactory,24.0,24,6,4,239.143,269.0,245.0,0,92.0,11.2083,115.0,10.2083,19.0,1.0,64.3563,9,7,3,1,0,14.9282,0.225884,0.0229742,0.356326,0.00496911
aeeem,org::eclipse::osgi::framework::internal::protocol::MultiplexingContentHandler,0.0,2,1,0,124.286,1.0,1.0,0,1.0,0.5,1.0,0.5,0.0,0.0,7.57143,1,0,0,0,0,1.27192,0.00403564,0.00217381,0.0312557,0.000404701
aeeem,org::eclipse::osgi::framework::internal::core::ParentPolicy,0.0,1,1,0,163.0,0.0,0.0,0,0.0,0.0,0.0,0.0,0.0,0.0,0.0,1,1,0,0,0,0.0,0.0,0.0,0.0,0.0
aeeem,org::eclipse::osgi::framework::internal::core::Tokenizer,0.0,3,2,0,162.143,2.0,2.0,1,2.0,0.666667,2.0,0.666667,0.0,0.0,51.1429,1,1,0,0,0,1.80545,0.0204604,0.00325359,0.0449517,0.000776991
aeeem,org::eclipse::osgi::framework::eventmgr::ListElement,0.0,4,3,0,218.857,7.0,7.0,0,4.0,1.75,4.0,1.75,0.0,0.0,27.1837,1,1,0,0,0,1.56389,0.00383528,0.00178729,0.0349726,2.74126e-05
aeeem,org::eclipse::osgi::framework::eventmgr::EventManager,267.0,16,5,1,239.143,500.0,233.0,0,170.0,31.25,106.0,14.5625,170.0,16.6875,62.1743,5,5,1,0,0,9.77668,0.554407,0.0382825,0.286879,0.090257
aeeem,legacy::lazystart::a::Activator,0.0,1,1,0,85.1429,0.0,0.0,0,0.0,0.0,0.0,0.0,0.0,0.0,0.0,1,1,0,0,0,0.0,0.0,0.0,0.0,0.0
aeeem,org::eclipse::osgi::internal::baseadaptor::AdaptorMsg,118.0,7,1,0,125.857,136.0,18.0,0,59.0,19.4286,13.0,2.57143,59.0,16.8571,11.438,2,2,0,0,0,6.45874,0.0565293,0.0225648,0.184811,0.0568101
aeeem,thread::locktest::Activator,0.0,1,1,0,85.1429,0.0,0.0,0,0.0,0.0,0.0,0.0,0.0,0.0,0.0,1,1,0,0,0,0.0,0.0,0.0,0.0,0.0
aeeem,legacy::lazystart::FalseExceptionLegacy1,0.0,1,1,0,85.1429,0.0,0.0,0,0.0,0.0,0.0,0.0,0.0,0.0,0.0,1,1,0,0,0,0.0,0.0,0.0,0.0,0.0
aeeem,legacy::lazystart::c::excluded::a::CAExcluded,0.0,1,1,0,85.1429,0.0,0.0,0,0.0,0.0,0.0,0.0,0.0,0.0,0.0,1,1,0,0,0,0.0,0.0,0.0,0.0,0.0
aeeem,org::eclipse::osgi::framework::internal::protocol::bundleentry::Handler,2.0,12,4,0,231.429,52.0,50.0,1,12.0,4.33333,15.0,4.16667,4.0,0.166667,59.2857,2,2,1,0,0,6.22636,0.0278593,0.0105656,0.151156,0.00678987
aeeem,org::eclipse::core::runtime::internal::adaptor::CachedManifest,48.0,8,1,0,162.143,89.0,41.0,0,33.0,11.125,17.0,5.125,30.0,6.0,79.3034,6,6,1,1,0,6.36008,0.0712038,0.0227025,0.183285,0.0577018
aeeem,org::eclipse::osgi::signedcontent::InvalidContentException,2.0,3,1,0,27.2857,3.0,1.0,0,2.0,1.0,1.0,0.333333,1.0,0.666667,12.1429,3,3,0,0,0,2.28372,0.00392771,0.0319338,0.116063,0.118884
aeeem,org::eclipse::osgi::framework::internal::core::FilterImpl,175.0,20,6,5,218.714,1193.0,1018.0,1,577.0,59.65,670.0,50.9,81.0,8.75,118.121,5,3,2,1,0,13.1284,0.826728,0.0339478,0.34585,0.0665159
aeeem,org::eclipse::osgi::internal::resolver::ExportPackageDescriptionImpl,228.0,12,3,0,180.0,305.0,77.0,0,92.0,25.4167,31.0,6.41667,92.0,19.0,9.5452,4,4,0,0,0,8.36608,0.102978,0.0227564,0.219957,0.055373
aeeem,host::multiple::exports::PublicClass1,0.0,1,1,0,40.8571,0.0,0.0,0,0.0,0.0,0.0,0.0,0.0,0.0,0.0,1,1,0,0,0,0.0,0.0,0.0,0.0,0.0
aeeem,org::eclipse::osgi::internal::provisional::service::security::AuthorizationEngine,0.0,1,1,0,13.0,0.0,0.0,0,0.0,0.0,0.0,0.0,0.0,0.0,0.0,1,1,0,0,0,0.0,0.0,0.0,0.0,0.0
aeeem,org::eclipse::osgi::internal::signedcontent::DigestedInputStream,0.0,1,1,0,27.2857,0.0,0.0,0,0.0,0.0,0.0,0.0,0.0,0.0,0.0,1,1,0,0,0,0.0,0.0,0.0,0.0,0.0
aeeem,org::eclipse::osgi::internal::resolver::StateBuilder,618.0,57,6,5,239.143,932.0,314.0,0,191.0,16.3509,30.0,5.50877,183.0,10.8421,82.1517,21,21,1,1,0,19.6679,0.519229,0.0441851,0.49991,0.0799019
aeeem,org::eclipse::core::runtime::internal::stats::ClassStats,0.0,2,1,0,162.143,2.0,2.0,0,2.0,1.0,2.0,1.0,0.0,0.0,51.1429,1,1,0,0,0,1.80545,0.0204604,0.00325359,0.0449517,0.000776991
aeeem,host::multiple::exports::PrivateClass1,0.0,1,1,0,40.8571,0.0,0.0,0,0.0,0.0,0.0,0.0,0.0,0.0,0.0,1,1,0,0,0,0.0,0.0,0.0,0.0,0.0
aeeem,org::eclipse::osgi::internal::resolver::BundleSpecificationImpl,39.0,8,5,0,239.143,54.0,15.0,0,20.0,6.75,4.0,1.875,18.0,4.875,61.6508,1,1,0,0,0,5.0342,0.00963243,0.0180945,0.142066,0.0549145
aeeem,org::eclipse::osgi::framework::internal::core::ConditionalPermissionAdminImpl,129.0,14,2,2,178.857,203.0,74.0,1,45.0,14.5,16.0,5.28571,38.0,9.21429,20.4771,6,6,0,0,0,9.696,0.116132,0.0238797,0.248248,0.0550928
aeeem,org::eclipse::osgi::framework::internal::core::ReferenceInputStream,0.0,2,1,0,162.143,2.0,2.0,0,2.0,1.0,2.0,1.0,0.0,0.0,51.1429,1,1,0,0,0,1.80545,0.0204604,0.00325359,0.0449517,0.000776991
aeeem,osgi::lazystart::a::Activator,0.0,1,1,0,85.1429,0.0,0.0,0,0.0,0.0,0.0,0.0,0.0,0.0,0.0,1,1,0,0,0,0.0,0.0,0.0,0.0,0.0
aeeem,org::eclipse::osgi::internal::signedcontent::DNChainMatching,0.0,1,1,0,27.2857,0.0,0.0,0,0.0,0.0,0.0,0.0,0.0,0.0,0.0,1,1,0,0,0,0.0,0.0,0.0,0.0,0.0
aeeem,org::eclipse::core::runtime::internal::adaptor::EclipseAdaptorMsg,277.0,6,2,0,125.857,281.0,4.0,1,139.0,46.8333,3.0,0.666667,139.0,46.1667,0.653279,2,2,0,0,0,4.65956,0.0539882,0.00845993,0.116139,0.00234209
aeeem,org::eclipse::osgi::internal::baseadaptor::BaseClassLoadingHook,221.0,7,1,1,125.714,221.0,0.0,0,91.0,31.5714,0.0,0.0,91.0,31.5714,4.79961,3,2,1,0,0,5.27095,0.142542,0.0113961,0.136117,0.0114544
aeeem,org::eclipse::osgi::baseadaptor::bundlefile::NestedDirBundleFile,163.0,5,1,0,125.857,166.0,3.0,0,81.0,33.2,3.0,0.6,81.0,32.6,0.768503,2,2,0,0,0,4.04276,0.043797,0.00680523,0.0989508,0.0012324
aeeem,org::eclipse::osgi::framework::launcher::Launcher,-58.0,19,6,1,239.143,119.0,177.0,0,37.0,6.26316,83.0,9.31579,3.0,-3.05263,47.1332,4,4,1,0,0,13.0076,0.0781821,0.0324477,0.339456,0.0615245
aeeem,org::eclipse::osgi::framework::internal::core::ServiceReferenceImpl,98.0,17,5,4,218.714,139.0,41.0,1,27.0,8.17647,8.0,2.41176,27.0,5.76471,66.6906,4,4,1,1,0,7.69165,0.106124,0.0239633,0.211378,0.0592241
aeeem,org::eclipse::osgi::baseadaptor::bundlefile::FileBundleEntry,185.0,5,1,0,125.857,188.0,3.0,0,92.0,37.6,3.0,0.6,92.0,37.0,0.737082,2,2,0,0,0,4.04276,0.0455289,0.00680523,0.0989508,0.0012324
aeeem,fragment::test::attach::host::a::Activator,0.0,1,1,0,85.1429,0.0,0.0,0,0.0,0.0,0.0,0.0,0.0,0.0,0.0,1,1,0,0,0,0.0,0.0,0.0,0.0,0.0
aeeem,org::osgi::util::tracker::ServiceTracker,380.0,26,3,4,219.0,3032.0,2652.0,0,837.0,116.615,892.0,102.0,142.0,14.6154,44.9991,8,7,0,0,0,11.9562,1.00427,0.0219224,0.296961,0.0111818
aeeem,org::eclipse::osgi::framework::internal::core::BundleRepository,-17.0,25,6,5,239.143,195.0,212.0,1,40.0,7.8,36.0,8.48,29.0,-0.68,23.567,3,3,0,0,0,9.88616,0.043017,0.0276469,0.265308,0.059076
aeeem,org::eclipse::osgi::internal::module::ResolverBundle,1183.0,36,3,4,180.0,1590.0,407.0,0,480.0,44.1667,185.0,11.3056,480.0,32.8611,32.9569,18,17,2,0,0,26.2611,0.97837,0.0789285,0.721127,0.170939
aeeem,substitutes::x::Mx,0.0,1,1,0,19.1429,0.0,0.0,0,0.0,0.0,0.0,0.0,0.0,0.0,0.0,1,1,0,0,0,0.0,0.0,0.0,0.0,0.0
aeeem,substitutes::q::BFq,0.0,1,1,0,19.1429,0.0,0.0,0,0.0,0.0,0.0,0.0,0.0,0.0,0.0,1,1,0,0,0,0.0,0.0,0.0,0.0,0.0
aeeem,org::eclipse::osgi::internal::baseadaptor::BaseStorageHook,798.0,21,2,1,125.857,889.0,91.0,0,302.0,42.3333,47.0,4.33333,302.0,38.0,10.1938,10,9,2,2,0,14.9649,0.434833,0.0516045,0.43534,0.112682
