dataset_a,dataset_b,jaccard_top5,jaccard_top10,spearman_corr,spearman_pvalue,kendall_tau,kendall_pvalue
aeeem_eclipse,aeeem_eclipse_hybrid,0.0,0.1111111111111111,0.8112745098039217,7.738036180608988e-05,0.6470588235294118,0.00012768041939830013
aeeem_eclipse,aeeem_equinox,0.25,0.42857142857142855,0.31617647058823534,0.21632697166875522,0.24999999999999997,0.17665741934030035
aeeem_eclipse,aeeem_equinox_hybrid,0.0,0.1111111111111111,0.26715686274509803,0.2999179120959027,0.14705882352941174,0.43968652710486045
aeeem_eclipse,aeeem_lucene,0.25,0.5384615384615384,0.5710784313725491,0.016646381649637165,0.41176470588235287,0.02172533125679204
aeeem_eclipse,aeeem_lucene_hybrid,0.1111111111111111,0.1111111111111111,0.31617647058823534,0.21632697166875522,0.24999999999999997,0.17665741934030035
aeeem_eclipse,aeeem_mylyn,0.42857142857142855,0.5384615384615384,0.3504901960784314,0.16781533363739962,0.2205882352941176,0.23617204064651248
aeeem_eclipse,aeeem_mylyn_hybrid,0.25,0.3333333333333333,0.3970588235294118,0.11454177561107581,0.2941176470588235,0.10886459480774507
aeeem_eclipse,aeeem_pde,0.25,0.42857142857142855,0.22303921568627455,0.3895228783967918,0.14705882352941174,0.43968652710486045
aeeem_eclipse,aeeem_pde_hybrid,0.42857142857142855,0.25,0.2377450980392157,0.35817139991630287,0.16176470588235295,0.3927276123262421
aeeem_eclipse,cm1,0.0,0.0,,,,
aeeem_eclipse,kc1,0.0,0.0,,,,
aeeem_eclipse,pc1,0.0,0.0,,,,
aeeem_eclipse,pc3,0.0,0.0,,,,
aeeem_eclipse_hybrid,aeeem_equinox,0.0,0.1111111111111111,0.4436274509803922,0.07446849073261598,0.30882352941176466,0.09138624889203259
aeeem_eclipse_hybrid,aeeem_equinox_hybrid,0.42857142857142855,0.6666666666666666,0.6465440401912326,3.735628077204959e-06,0.46573751451800227,1.3877331591207367e-05
aeeem_eclipse_hybrid,aeeem_lucene,0.0,0.1111111111111111,0.4534313725490197,0.06754818013371677,0.3235294117647059,0.07616914862439772
aeeem_eclipse_hybrid,aeeem_lucene_hybrid,0.42857142857142855,0.5384615384615384,0.6697188234340816,1.2328634338549363e-06,0.4959349593495935,3.699896895690668e-06
aeeem_eclipse_hybrid,aeeem_mylyn,0.0,0.1111111111111111,0.17892156862745098,0.4920209629048917,0.13235294117647056,0.4896069682169023
aeeem_eclipse_hybrid,aeeem_mylyn_hybrid,0.0,0.17647058823529413,0.24203873267968562,0.1225118440109061,0.16144018583042974,0.1319652602821487
aeeem_eclipse_hybrid,aeeem_pde,0.0,0.1111111111111111,0.11274509803921569,0.6665920499637249,0.0588235294117647,0.7764940676883935
aeeem_eclipse_hybrid,aeeem_pde_hybrid,0.1111111111111111,0.25,0.45806660724414555,0.0022848723528533918,0.32404181184668984,0.002497603548520182
aeeem_eclipse_hybrid,cm1,0.0,0.0,,,,
aeeem_eclipse_hybrid,kc1,0.0,0.0,,,,
aeeem_eclipse_hybrid,pc1,0.0,0.0,,,,
aeeem_eclipse_hybrid,pc3,0.0,0.0,,,,
aeeem_equinox,aeeem_equinox_hybrid,0.0,0.17647058823529413,0.8848039215686275,2.3891646531097093e-06,0.7205882352941176,1.148789053319355e-05
aeeem_equinox,aeeem_lucene,0.25,0.5384615384615384,0.39460784313725494,0.11700232160229733,0.2794117647058823,0.12878898834482916
aeeem_equinox,aeeem_lucene_hybrid,0.1111111111111111,0.17647058823529413,0.47058823529411764,0.05659410879699636,0.3823529411764705,0.034088901411189226
aeeem_equinox,aeeem_mylyn,0.25,0.5384615384615384,0.24019607843137256,0.3530886590520007,0.1176470588235294,0.5423278567488096
aeeem_equinox,aeeem_mylyn_hybrid,0.42857142857142855,0.17647058823529413,0.5098039215686275,0.036568145531216366,0.3676470588235294,0.04217070212970702
aeeem_equinox,aeeem_pde,0.25,0.5384615384615384,0.34068627450980393,0.18085079957050132,0.24999999999999997,0.17665741934030035
aeeem_equinox,aeeem_pde_hybrid,0.1111111111111111,0.1111111111111111,0.1593137254901961,0.5413616326261632,0.1176470588235294,0.5423278567488096
aeeem_equinox,cm1,0.0,0.0,,,,
aeeem_equinox,kc1,0.0,0.0,,,,
aeeem_equinox,pc1,0.0,0.0,,,,
aeeem_equinox,pc3,0.0,0.0,,,,
aeeem_equinox_hybrid,aeeem_lucene,0.0,0.17647058823529413,0.28186274509803927,0.2730598973799546,0.20588235294117643,0.27056053596407176
aeeem_equinox_hybrid,aeeem_lucene_hybrid,0.42857142857142855,0.42857142857142855,0.6860870269832267,5.304383626349525e-07,0.519163763066202,1.2705049210595357e-06
aeeem_equinox_hybrid,aeeem_mylyn,0.0,0.17647058823529413,0.29901960784313725,0.24365533759455596,0.19117647058823525,0.30811454449876985
aeeem_equinox_hybrid,aeeem_mylyn_hybrid,0.0,0.1111111111111111,0.19374442913864354,0.21892033533970492,0.11498257839721254,0.28331529325095495
aeeem_equinox_hybrid,aeeem_pde,0.0,0.17647058823529413,0.29656862745098045,0.24772866621670073,0.2352941176470588,0.20489900152579948
aeeem_equinox_hybrid,aeeem_pde_hybrid,0.1111111111111111,0.25,0.5614617940199336,0.00010950912792138111,0.43089430894308944,5.8032497073141975e-05
aeeem_equinox_hybrid,cm1,0.0,0.0,,,,
aeeem_equinox_hybrid,kc1,0.0,0.0,,,,
aeeem_equinox_hybrid,pc1,0.0,0.0,,,,
aeeem_equinox_hybrid,pc3,0.0,0.0,,,,
aeeem_lucene,aeeem_lucene_hybrid,0.1111111111111111,0.17647058823529413,0.625,0.007304262768989965,0.48529411764705876,0.00600683882392195
aeeem_lucene,aeeem_mylyn,0.0,0.42857142857142855,0.07352941176470588,0.779127287251723,0.07352941176470587,0.7150317752938318
aeeem_lucene,aeeem_mylyn_hybrid,0.0,0.17647058823529413,0.04901960784313726,0.8517943990009383,0.0588235294117647,0.7764940676883935
aeeem_lucene,aeeem_pde,0.0,0.42857142857142855,-0.12500000000000003,0.6326406085600336,-0.08823529411764705,0.6553075802476113
aeeem_lucene,aeeem_pde_hybrid,0.0,0.17647058823529413,-0.23529411764705882,0.363295114375383,-0.13235294117647056,0.4896069682169023
aeeem_lucene,cm1,0.0,0.0,,,,
aeeem_lucene,kc1,0.0,0.0,,,,
aeeem_lucene,pc1,0.0,0.0,,,,
aeeem_lucene,pc3,0.0,0.0,,,,
aeeem_lucene_hybrid,aeeem_mylyn,0.0,0.1111111111111111,0.29656862745098045,0.24772866621670073,0.20588235294117643,0.27056053596407176
aeeem_lucene_hybrid,aeeem_mylyn_hybrid,0.0,0.17647058823529413,0.23717689004132567,0.13044040795431397,0.16376306620209058,0.12649468834465522
aeeem_lucene_hybrid,aeeem_pde,0.0,0.1111111111111111,0.12990196078431374,0.6192473366524132,0.07352941176470587,0.7150317752938318
aeeem_lucene_hybrid,aeeem_pde_hybrid,0.1111111111111111,0.3333333333333333,0.4329470869459525,0.0041857090442305855,0.3310104529616725,0.002010641292535419
aeeem_lucene_hybrid,cm1,0.0,0.0,,,,
aeeem_lucene_hybrid,kc1,0.0,0.0,,,,
aeeem_lucene_hybrid,pc1,0.0,0.0,,,,
aeeem_lucene_hybrid,pc3,0.0,0.0,,,,
aeeem_mylyn,aeeem_mylyn_hybrid,0.42857142857142855,0.3333333333333333,0.6200980392156864,0.007919520570762714,0.4264705882352941,0.017119110549244844
aeeem_mylyn,aeeem_pde,0.42857142857142855,0.6666666666666666,0.573529411764706,0.016081485967380123,0.4264705882352941,0.017119110549244844
aeeem_mylyn,aeeem_pde_hybrid,0.42857142857142855,0.25,0.502450980392157,0.03983296762323772,0.3235294117647059,0.07616914862439772
aeeem_mylyn,cm1,0.0,0.0,,,,
aeeem_mylyn,kc1,0.0,0.0,,,,
aeeem_mylyn,pc1,0.0,0.0,,,,
aeeem_mylyn,pc3,0.0,0.0,,,,
aeeem_mylyn_hybrid,aeeem_pde,0.25,0.42857142857142855,0.7156862745098039,0.0012355088007863545,0.5588235294117646,0.0012750331727878694
aeeem_mylyn_hybrid,aeeem_pde_hybrid,0.25,0.42857142857142855,0.4839964346487319,0.001164100860459935,0.34030197444831595,0.0014965325507743448
aeeem_mylyn_hybrid,cm1,0.0,0.0,,,,
aeeem_mylyn_hybrid,kc1,0.0,0.0,,,,
aeeem_mylyn_hybrid,pc1,0.0,0.0,,,,
aeeem_mylyn_hybrid,pc3,0.0,0.0,,,,
aeeem_pde,aeeem_pde_hybrid,0.42857142857142855,0.3333333333333333,0.8406862745098039,2.377892428594587e-05,0.6617647058823529,8.216178860308908e-05
aeeem_pde,cm1,0.0,0.0,,,,
aeeem_pde,kc1,0.0,0.0,,,,
aeeem_pde,pc1,0.0,0.0,,,,
aeeem_pde,pc3,0.0,0.0,,,,
aeeem_pde_hybrid,cm1,0.0,0.0,,,,
aeeem_pde_hybrid,kc1,0.0,0.0,,,,
aeeem_pde_hybrid,pc1,0.0,0.0,,,,
aeeem_pde_hybrid,pc3,0.0,0.0,,,,
cm1,kc1,0.0,0.0,,,,
cm1,pc1,0.1111111111111111,0.25,0.48008534850640117,0.0026377620709491477,0.3363363363363363,0.003393228189501693
cm1,pc3,0.25,0.42857142857142855,0.33712660028449504,0.04130620252532378,0.2522522522522523,0.0280024508788471
kc1,pc1,0.0,0.0,,,,
kc1,pc3,0.0,0.0,,,,
pc1,pc3,0.6666666666666666,0.5384615384615384,0.7558084400189663,6.362163831982079e-08,0.5735735735735735,5.849144558190638e-07
