source,target,feature,ks_statistic,ks_pvalue,severe_drift
pc1,cm1,BRANCH_COUNT,0.0614,0.350936,False
pc1,cm1,CALL_PAIRS,0.1225,0.002188,False
pc1,cm1,CONDITION_COUNT,0.0399,0.850156,False
pc1,cm1,CYCLOMATIC_COMPLEXITY,0.0612,0.355207,False
pc1,cm1,CYCLOMATIC_DENSITY,0.4749,0.0,True
pc1,cm1,DECISION_COUNT,0.035,0.935763,False
pc1,cm1,DECISION_DENSITY,0.0792,0.113212,False
pc1,cm1,DESIGN_COMPLEXITY,0.085,0.073622,False
pc1,cm1,DESIGN_DENSITY,0.162,1.3e-05,False
pc1,cm1,EDGE_COUNT,0.0557,0.471577,False
pc1,cm1,ESSENTIAL_COMPLEXITY,0.0785,0.118921,False
pc1,cm1,ESSENTIAL_DENSITY,0.0982,0.024672,False
pc1,cm1,HALSTEAD_CONTENT,0.1772,1e-06,False
pc1,cm1,HALSTEAD_DIFFICULTY,0.0376,0.894877,False
pc1,cm1,HALSTEAD_EFFORT,0.0853,0.072091,False
pc1,cm1,HALSTEAD_ERROR_EST,0.1152,0.004781,False
pc1,cm1,HALSTEAD_LENGTH,0.1133,0.005818,False
pc1,cm1,HALSTEAD_LEVEL,0.0282,0.991586,False
pc1,cm1,HALSTEAD_PROG_TIME,0.0853,0.072091,False
pc1,cm1,HALSTEAD_VOLUME,0.1206,0.002696,False
pc1,cm1,LOC_BLANK,0.26,0.0,False
pc1,cm1,LOC_CODE_AND_COMMENT,0.3964,0.0,True
pc1,cm1,LOC_COMMENTS,0.3471,0.0,True
pc1,cm1,LOC_EXECUTABLE,0.2036,0.0,False
pc1,cm1,LOC_TOTAL,0.2364,0.0,False
pc1,cm1,MAINTENANCE_SEVERITY,0.089,0.053708,False
pc1,cm1,MODIFIED_CONDITION_COUNT,0.0417,0.812859,False
pc1,cm1,MULTIPLE_CONDITION_COUNT,0.0414,0.819802,False
pc1,cm1,NODE_COUNT,0.0542,0.5067,False
pc1,cm1,NORMALIZED_CYLOMATIC_COMPLEXITY,0.4358,0.0,True
pc1,cm1,NUMBER_OF_LINES,0.285,0.0,False
pc1,cm1,NUM_OPERANDS,0.068,0.238628,False
pc1,cm1,NUM_OPERATORS,0.1562,3.1e-05,False
pc1,cm1,NUM_UNIQUE_OPERANDS,0.1465,0.000118,False
pc1,cm1,NUM_UNIQUE_OPERATORS,0.1475,0.000103,False
pc1,cm1,PARAMETER_COUNT,0.299,0.0,False
pc1,cm1,PERCENT_COMMENTS,0.4148,0.0,True
pc1,pc3,BRANCH_COUNT,0.263,0.0,False
pc1,pc3,CALL_PAIRS,0.1193,2e-06,False
pc1,pc3,CONDITION_COUNT,0.2802,0.0,False
pc1,pc3,CYCLOMATIC_COMPLEXITY,0.2601,0.0,False
pc1,pc3,CYCLOMATIC_DENSITY,0.0762,0.006623,False
pc1,pc3,DECISION_COUNT,0.2802,0.0,False
pc1,pc3,DECISION_DENSITY,0.2802,0.0,False
pc1,pc3,DESIGN_COMPLEXITY,0.2453,0.0,False
pc1,pc3,DESIGN_DENSITY,0.1708,0.0,False
pc1,pc3,EDGE_COUNT,0.2472,0.0,False
pc1,pc3,ESSENTIAL_COMPLEXITY,0.1624,0.0,False
pc1,pc3,ESSENTIAL_DENSITY,0.1637,0.0,False
pc1,pc3,HALSTEAD_CONTENT,0.0937,0.000361,False
pc1,pc3,HALSTEAD_DIFFICULTY,0.2269,0.0,False
pc1,pc3,HALSTEAD_EFFORT,0.1944,0.0,False
pc1,pc3,HALSTEAD_ERROR_EST,0.1657,0.0,False
pc1,pc3,HALSTEAD_LENGTH,0.1656,0.0,False
pc1,pc3,HALSTEAD_LEVEL,0.1919,0.0,False
pc1,pc3,HALSTEAD_PROG_TIME,0.1944,0.0,False
pc1,pc3,HALSTEAD_VOLUME,0.1667,0.0,False
pc1,pc3,LOC_BLANK,0.0755,0.007345,False
pc1,pc3,LOC_CODE_AND_COMMENT,0.0302,0.75332,False
pc1,pc3,LOC_COMMENTS,0.0687,0.01934,False
pc1,pc3,LOC_EXECUTABLE,0.1893,0.0,False
pc1,pc3,LOC_TOTAL,0.1773,0.0,False
pc1,pc3,MAINTENANCE_SEVERITY,0.208,0.0,False
pc1,pc3,MODIFIED_CONDITION_COUNT,0.2802,0.0,False
pc1,pc3,MULTIPLE_CONDITION_COUNT,0.2802,0.0,False
pc1,pc3,NODE_COUNT,0.2419,0.0,False
pc1,pc3,NORMALIZED_CYLOMATIC_COMPLEXITY,0.0955,0.000261,False
pc1,pc3,NUMBER_OF_LINES,0.1458,0.0,False
pc1,pc3,NUM_OPERANDS,0.1525,0.0,False
pc1,pc3,NUM_OPERATORS,0.1674,0.0,False
pc1,pc3,NUM_UNIQUE_OPERANDS,0.1354,0.0,False
pc1,pc3,NUM_UNIQUE_OPERATORS,0.2381,0.0,False
pc1,pc3,PARAMETER_COUNT,0.221,0.0,False
pc1,pc3,PERCENT_COMMENTS,0.0707,0.014589,False
cm1,pc3,BRANCH_COUNT,0.263,0.0,False
cm1,pc3,CALL_PAIRS,0.1899,0.0,False
cm1,pc3,CONDITION_COUNT,0.2802,0.0,False
cm1,pc3,CYCLOMATIC_COMPLEXITY,0.263,0.0,False
cm1,pc3,CYCLOMATIC_DENSITY,0.4192,0.0,True
cm1,pc3,DECISION_COUNT,0.2802,0.0,False
cm1,pc3,DECISION_DENSITY,0.2802,0.0,False
cm1,pc3,DESIGN_COMPLEXITY,0.2647,0.0,False
cm1,pc3,DESIGN_DENSITY,0.1031,0.005815,False
cm1,pc3,EDGE_COUNT,0.2463,0.0,False
cm1,pc3,ESSENTIAL_COMPLEXITY,0.0969,0.01155,False
cm1,pc3,ESSENTIAL_DENSITY,0.0858,0.034827,False
cm1,pc3,HALSTEAD_CONTENT,0.2488,0.0,False
cm1,pc3,HALSTEAD_DIFFICULTY,0.2379,0.0,False
cm1,pc3,HALSTEAD_EFFORT,0.2563,0.0,False
cm1,pc3,HALSTEAD_ERROR_EST,0.2727,0.0,False
cm1,pc3,HALSTEAD_LENGTH,0.2671,0.0,False
cm1,pc3,HALSTEAD_LEVEL,0.1955,0.0,False
cm1,pc3,HALSTEAD_PROG_TIME,0.2563,0.0,False
cm1,pc3,HALSTEAD_VOLUME,0.2778,0.0,False
cm1,pc3,LOC_BLANK,0.3192,0.0,True
cm1,pc3,LOC_CODE_AND_COMMENT,0.3827,0.0,True
cm1,pc3,LOC_COMMENTS,0.385,0.0,True
cm1,pc3,LOC_EXECUTABLE,0.376,0.0,True
cm1,pc3,LOC_TOTAL,0.3987,0.0,True
cm1,pc3,MAINTENANCE_SEVERITY,0.2573,0.0,False
cm1,pc3,MODIFIED_CONDITION_COUNT,0.2802,0.0,False
cm1,pc3,MULTIPLE_CONDITION_COUNT,0.2802,0.0,False
cm1,pc3,NODE_COUNT,0.2338,0.0,False
cm1,pc3,NORMALIZED_CYLOMATIC_COMPLEXITY,0.3787,0.0,True
cm1,pc3,NUMBER_OF_LINES,0.3819,0.0,True
cm1,pc3,NUM_OPERANDS,0.2174,0.0,False
cm1,pc3,NUM_OPERATORS,0.3127,0.0,True
cm1,pc3,NUM_UNIQUE_OPERANDS,0.2625,0.0,False
cm1,pc3,NUM_UNIQUE_OPERATORS,0.3229,0.0,True
cm1,pc3,PARAMETER_COUNT,0.1063,0.004071,False
cm1,pc3,PERCENT_COMMENTS,0.4003,0.0,True
aeeem_eclipse,aeeem_equinox,cbo,0.1403,0.000115,False
aeeem_eclipse,aeeem_equinox,dit,0.5025,0.0,True
aeeem_eclipse,aeeem_equinox,fanIn,0.2191,0.0,False
aeeem_eclipse,aeeem_equinox,fanOut,0.0795,0.085332,False
aeeem_eclipse,aeeem_equinox,lcom,0.2167,0.0,False
aeeem_eclipse,aeeem_equinox,noc,0.1633,4e-06,False
aeeem_eclipse,aeeem_equinox,numberOfAttributes,0.1722,1e-06,False
aeeem_eclipse,aeeem_equinox,numberOfAttributesInherited,0.5733,0.0,True
aeeem_eclipse,aeeem_equinox,numberOfLinesOfCode,0.2053,0.0,False
aeeem_eclipse,aeeem_equinox,numberOfMethods,0.2167,0.0,False
aeeem_eclipse,aeeem_equinox,numberOfMethodsInherited,0.4645,0.0,True
aeeem_eclipse,aeeem_equinox,numberOfPrivateAttributes,0.1699,1e-06,False
aeeem_eclipse,aeeem_equinox,numberOfPrivateMethods,0.0917,0.030384,False
aeeem_eclipse,aeeem_equinox,numberOfPublicAttributes,0.2896,0.0,False
aeeem_eclipse,aeeem_equinox,numberOfPublicMethods,0.1614,5e-06,False
aeeem_eclipse,aeeem_equinox,rfc,0.156,1.1e-05,False
aeeem_eclipse,aeeem_equinox,wmc,0.2107,0.0,False
aeeem_eclipse,aeeem_lucene,cbo,0.1507,0.0,False
aeeem_eclipse,aeeem_lucene,dit,0.2529,0.0,False
aeeem_eclipse,aeeem_lucene,fanIn,0.1267,4e-06,False
aeeem_eclipse,aeeem_lucene,fanOut,0.1687,0.0,False
aeeem_eclipse,aeeem_lucene,lcom,0.2125,0.0,False
aeeem_eclipse,aeeem_lucene,noc,0.0631,0.073726,False
aeeem_eclipse,aeeem_lucene,numberOfAttributes,0.0749,0.019258,False
aeeem_eclipse,aeeem_lucene,numberOfAttributesInherited,0.541,0.0,True
aeeem_eclipse,aeeem_lucene,numberOfLinesOfCode,0.2122,0.0,False
aeeem_eclipse,aeeem_lucene,numberOfMethods,0.2125,0.0,False
aeeem_eclipse,aeeem_lucene,numberOfMethodsInherited,0.3466,0.0,True
aeeem_eclipse,aeeem_lucene,numberOfPrivateAttributes,0.1241,6e-06,False
aeeem_eclipse,aeeem_lucene,numberOfPrivateMethods,0.0194,0.9969,False
aeeem_eclipse,aeeem_lucene,numberOfPublicAttributes,0.1815,0.0,False
aeeem_eclipse,aeeem_lucene,numberOfPublicMethods,0.1918,0.0,False
aeeem_eclipse,aeeem_lucene,rfc,0.1856,0.0,False
aeeem_eclipse,aeeem_lucene,wmc,0.2505,0.0,False
aeeem_equinox,aeeem_mylyn,cbo,0.1173,0.000909,False
aeeem_equinox,aeeem_mylyn,dit,0.1334,9.5e-05,False
aeeem_equinox,aeeem_mylyn,fanIn,0.054,0.382006,False
aeeem_equinox,aeeem_mylyn,fanOut,0.1137,0.001441,False
aeeem_equinox,aeeem_mylyn,lcom,0.1048,0.004286,False
aeeem_equinox,aeeem_mylyn,noc,0.0376,0.81287,False
aeeem_equinox,aeeem_mylyn,numberOfAttributes,0.1142,0.00135,False
aeeem_equinox,aeeem_mylyn,numberOfAttributesInherited,0.0407,0.731235,False
aeeem_equinox,aeeem_mylyn,numberOfLinesOfCode,0.1213,0.00053,False
aeeem_equinox,aeeem_mylyn,numberOfMethods,0.1048,0.004286,False
aeeem_equinox,aeeem_mylyn,numberOfMethodsInherited,0.2849,0.0,False
aeeem_equinox,aeeem_mylyn,numberOfPrivateAttributes,0.1465,1.2e-05,False
aeeem_equinox,aeeem_mylyn,numberOfPrivateMethods,0.0666,0.164303,False
aeeem_equinox,aeeem_mylyn,numberOfPublicAttributes,0.0811,0.049604,False
aeeem_equinox,aeeem_mylyn,numberOfPublicMethods,0.0875,0.027346,False
aeeem_equinox,aeeem_mylyn,rfc,0.124,0.000366,False
aeeem_equinox,aeeem_mylyn,wmc,0.1867,0.0,False
aeeem_lucene,aeeem_pde,cbo,0.1429,0.0,False
aeeem_lucene,aeeem_pde,dit,0.1597,0.0,False
aeeem_lucene,aeeem_pde,fanIn,0.0393,0.444614,False
aeeem_lucene,aeeem_pde,fanOut,0.1803,0.0,False
aeeem_lucene,aeeem_pde,lcom,0.1523,0.0,False
aeeem_lucene,aeeem_pde,noc,0.0255,0.908197,False
aeeem_lucene,aeeem_pde,numberOfAttributes,0.1115,1.4e-05,False
aeeem_lucene,aeeem_pde,numberOfAttributesInherited,0.1225,1e-06,False
aeeem_lucene,aeeem_pde,numberOfLinesOfCode,0.1111,1.5e-05,False
aeeem_lucene,aeeem_pde,numberOfMethods,0.1523,0.0,False
aeeem_lucene,aeeem_pde,numberOfMethodsInherited,0.4766,0.0,True
aeeem_lucene,aeeem_pde,numberOfPrivateAttributes,0.1602,0.0,False
aeeem_lucene,aeeem_pde,numberOfPrivateMethods,0.1779,0.0,False
aeeem_lucene,aeeem_pde,numberOfPublicAttributes,0.2351,0.0,False
aeeem_lucene,aeeem_pde,numberOfPublicMethods,0.0911,0.000723,False
aeeem_lucene,aeeem_pde,rfc,0.1436,0.0,False
aeeem_lucene,aeeem_pde,wmc,0.1239,1e-06,False
