dataset,feature_set,model,cv_folds,fold,row_index,y_true,y_pred,y_score
pc1,static,logistic_regression,10,1,1,1,0,0.051793835750508915
pc1,static,logistic_regression,10,1,23,0,0,0.002045618206107924
pc1,static,logistic_regression,10,1,25,0,1,0.9282842607119071
pc1,static,logistic_regression,10,1,27,0,0,0.02081518119486431
pc1,static,logistic_regression,10,1,34,0,1,0.7162239000639715
pc1,static,logistic_regression,10,1,36,0,0,0.014141634484829331
pc1,static,logistic_regression,10,1,38,1,0,0.0015791421715641008
pc1,static,logistic_regression,10,1,51,0,0,0.29925264825984804
pc1,static,logistic_regression,10,1,63,0,0,0.0023903503793723216
pc1,static,logistic_regression,10,1,67,0,1,0.549697271645378
pc1,static,logistic_regression,10,1,82,0,1,0.9803799237713515
pc1,static,logistic_regression,10,1,85,0,0,4.993832021842144e-06
pc1,static,logistic_regression,10,1,88,0,1,0.907393633326715
pc1,static,logistic_regression,10,1,105,0,0,0.2993486991757034
pc1,static,logistic_regression,10,1,109,0,0,0.004642344666507221
pc1,static,logistic_regression,10,1,115,0,0,0.005727645261393891
pc1,static,logistic_regression,10,1,130,0,0,0.08750513067898928
pc1,static,logistic_regression,10,1,145,0,0,0.03486981234831969
pc1,static,logistic_regression,10,1,170,0,0,0.17071779199722661
pc1,static,logistic_regression,10,1,181,0,0,0.16276038032155896
pc1,static,logistic_regression,10,1,182,0,0,0.1110112899174082
pc1,static,logistic_regression,10,1,188,0,0,0.00297477284791091
pc1,static,logistic_regression,10,1,204,0,0,0.1884607306700876
pc1,static,logistic_regression,10,1,206,1,1,0.9388297308769568
pc1,static,logistic_regression,10,1,219,0,0,0.0036924056945966304
pc1,static,logistic_regression,10,1,236,0,0,0.007911534392579503
pc1,static,logistic_regression,10,1,250,0,0,0.00157036528257001
pc1,static,logistic_regression,10,1,258,0,0,0.03634884436786846
pc1,static,logistic_regression,10,1,259,0,0,0.3442555576917173
pc1,static,logistic_regression,10,1,266,0,0,0.25062648973605417
pc1,static,logistic_regression,10,1,267,0,0,0.0003415919844678403
pc1,static,logistic_regression,10,1,276,0,0,0.4387758125770864
pc1,static,logistic_regression,10,1,286,0,0,0.02319002021512121
pc1,static,logistic_regression,10,1,310,1,1,0.5052813587821856
pc1,static,logistic_regression,10,1,314,0,0,0.4997784622372103
pc1,static,logistic_regression,10,1,317,0,0,0.18909510907353272
pc1,static,logistic_regression,10,1,318,0,0,0.005977347308291575
pc1,static,logistic_regression,10,1,335,0,1,0.7310552159708992
pc1,static,logistic_regression,10,1,339,0,0,2.7006873670420042e-05
pc1,static,logistic_regression,10,1,344,1,1,0.7802761549093263
pc1,static,logistic_regression,10,1,356,0,1,0.9308395791351486
pc1,static,logistic_regression,10,1,357,0,0,0.05282314192993694
pc1,static,logistic_regression,10,1,362,0,0,0.0003668889598042448
pc1,static,logistic_regression,10,1,363,0,0,0.022655866729008614
pc1,static,logistic_regression,10,1,366,0,0,0.14594698450322385
pc1,static,logistic_regression,10,1,375,0,0,0.0014145651802176477
pc1,static,logistic_regression,10,1,379,0,0,0.001766992687227082
pc1,static,logistic_regression,10,1,381,1,1,0.861115364692221
pc1,static,logistic_regression,10,1,382,0,0,0.005900566270211663
pc1,static,logistic_regression,10,1,427,0,0,0.021741161254031485
pc1,static,logistic_regression,10,1,430,0,0,0.012943180002739745
pc1,static,logistic_regression,10,1,437,0,0,0.010408793428516258
pc1,static,logistic_regression,10,1,451,0,0,0.007034367899842653
pc1,static,logistic_regression,10,1,503,0,0,0.001598162136763187
pc1,static,logistic_regression,10,1,522,0,0,0.05497824555626835
pc1,static,logistic_regression,10,1,570,0,0,0.011544466608787227
pc1,static,logistic_regression,10,1,584,0,0,0.003078126755223118
pc1,static,logistic_regression,10,1,591,0,0,0.00514319328507907
pc1,static,logistic_regression,10,1,592,0,0,0.19262681103750298
pc1,static,logistic_regression,10,1,595,0,0,0.03397850413885722
pc1,static,logistic_regression,10,1,605,0,0,1.9885401510708287e-05
pc1,static,logistic_regression,10,1,612,0,0,0.0013306522664355337
pc1,static,logistic_regression,10,1,613,0,0,0.03345580076342164
pc1,static,logistic_regression,10,1,615,0,0,0.23025180129382034
pc1,static,logistic_regression,10,1,622,0,1,0.6818639801707251
pc1,static,logistic_regression,10,1,639,0,1,0.8402982960105799
pc1,static,logistic_regression,10,1,644,0,0,0.06415588257557034
pc1,static,logistic_regression,10,1,654,0,0,0.0014111002346619548
pc1,static,logistic_regression,10,1,671,0,1,0.9343875258059002
pc1,static,logistic_regression,10,1,675,0,0,0.07397458413729062
pc1,static,logistic_regression,10,1,698,0,1,0.9260264735861036
pc1,static,logistic_regression,10,2,5,0,0,0.06937965499989937
pc1,static,logistic_regression,10,2,14,0,0,0.0031110718551118502
pc1,static,logistic_regression,10,2,16,0,0,0.10277580593825714
pc1,static,logistic_regression,10,2,20,0,0,0.019546758419741846
pc1,static,logistic_regression,10,2,31,1,1,0.5125682525010439
pc1,static,logistic_regression,10,2,42,0,0,0.2726310233153504
pc1,static,logistic_regression,10,2,48,0,1,0.5509669888147025
pc1,static,logistic_regression,10,2,49,0,0,0.14292639477367589
pc1,static,logistic_regression,10,2,60,0,1,0.6347192613623069
pc1,static,logistic_regression,10,2,68,0,0,0.13912363122627297
pc1,static,logistic_regression,10,2,69,0,0,0.02658563939422448
pc1,static,logistic_regression,10,2,80,0,0,0.18865675703364498
pc1,static,logistic_regression,10,2,99,0,0,0.49415351592250184
pc1,static,logistic_regression,10,2,103,0,1,0.6097858760134451
pc1,static,logistic_regression,10,2,120,0,1,0.9839888267478635
pc1,static,logistic_regression,10,2,123,0,0,0.4628071570288665
pc1,static,logistic_regression,10,2,125,0,0,0.018814151381209475
pc1,static,logistic_regression,10,2,156,1,1,0.9021235431892825
pc1,static,logistic_regression,10,2,166,0,0,0.19046116652862147
pc1,static,logistic_regression,10,2,167,0,0,0.09726935235784553
pc1,static,logistic_regression,10,2,183,0,0,4.097792277852913e-05
pc1,static,logistic_regression,10,2,187,0,1,0.506866449419794
pc1,static,logistic_regression,10,2,198,0,0,0.0015987987026438322
pc1,static,logistic_regression,10,2,203,0,0,0.053506179463970786
pc1,static,logistic_regression,10,2,225,0,1,0.5647636193309102
pc1,static,logistic_regression,10,2,232,0,0,0.12464615314244065
pc1,static,logistic_regression,10,2,242,0,0,0.4880465773119366
pc1,static,logistic_regression,10,2,244,0,0,0.21604159785887692
pc1,static,logistic_regression,10,2,246,0,0,0.024294771682667013
pc1,static,logistic_regression,10,2,253,0,1,0.6284394078453778
pc1,static,logistic_regression,10,2,255,0,0,0.06187024117556409
pc1,static,logistic_regression,10,2,268,0,0,0.15042684449916754
pc1,static,logistic_regression,10,2,271,0,0,0.4231403087074499
pc1,static,logistic_regression,10,2,287,1,0,0.2523098936695655
pc1,static,logistic_regression,10,2,291,0,0,0.005470837603846006
pc1,static,logistic_regression,10,2,302,0,0,0.005482380846848735
pc1,static,logistic_regression,10,2,329,0,0,0.4656070012099138
pc1,static,logistic_regression,10,2,332,0,0,0.2261964056456985
pc1,static,logistic_regression,10,2,349,0,0,0.08437039711724188
pc1,static,logistic_regression,10,2,395,0,1,0.681638476418313
pc1,static,logistic_regression,10,2,412,0,0,0.31421990795989085
pc1,static,logistic_regression,10,2,414,0,0,0.00029150399468503646
pc1,static,logistic_regression,10,2,417,0,0,0.012813332277944981
pc1,static,logistic_regression,10,2,438,0,0,0.010788098416565788
pc1,static,logistic_regression,10,2,452,0,0,0.04472072647344861
pc1,static,logistic_regression,10,2,468,0,0,0.1705221432029143
pc1,static,logistic_regression,10,2,470,0,0,0.2747339816358692
pc1,static,logistic_regression,10,2,475,0,0,0.3189359066464003
pc1,static,logistic_regression,10,2,478,1,1,0.8817830646272633
pc1,static,logistic_regression,10,2,484,0,0,0.013903095281499191
pc1,static,logistic_regression,10,2,497,0,0,0.42788048680929663
pc1,static,logistic_regression,10,2,505,0,0,0.03648953621733288
pc1,static,logistic_regression,10,2,515,0,0,1.4078309110998282e-05
pc1,static,logistic_regression,10,2,525,0,0,0.02843209573043499
pc1,static,logistic_regression,10,2,550,0,0,0.060412173926566004
pc1,static,logistic_regression,10,2,551,0,0,0.0012263595265762856
pc1,static,logistic_regression,10,2,566,0,0,0.17375992364751958
pc1,static,logistic_regression,10,2,575,0,0,0.16267135333033886
pc1,static,logistic_regression,10,2,586,0,0,0.015241874027737972
pc1,static,logistic_regression,10,2,608,0,0,0.18780918283719772
pc1,static,logistic_regression,10,2,636,0,0,0.12249110965452627
pc1,static,logistic_regression,10,2,642,0,0,0.1893155524728382
pc1,static,logistic_regression,10,2,649,0,0,0.00512790520714026
pc1,static,logistic_regression,10,2,662,1,1,0.7586550617303508
pc1,static,logistic_regression,10,2,688,0,0,0.022917011704036712
pc1,static,logistic_regression,10,2,690,0,1,0.6777408156253761
pc1,static,logistic_regression,10,2,693,1,1,0.7161636198727295
pc1,static,logistic_regression,10,2,696,0,0,0.21854449416061134
pc1,static,logistic_regression,10,2,699,0,0,0.00024201618640593578
pc1,static,logistic_regression,10,2,700,0,1,0.7417056276712596
pc1,static,logistic_regression,10,2,704,0,0,0.004198663080280695
pc1,static,logistic_regression,10,3,10,0,0,0.35578535703413927
pc1,static,logistic_regression,10,3,12,0,0,0.032294537956721624
pc1,static,logistic_regression,10,3,13,0,0,0.09693536068091554
pc1,static,logistic_regression,10,3,19,0,0,0.0025372098805266727
pc1,static,logistic_regression,10,3,52,1,0,0.23659801901622646
pc1,static,logistic_regression,10,3,61,0,0,0.25487069922955735
pc1,static,logistic_regression,10,3,65,0,0,3.3707521041965446e-06
pc1,static,logistic_regression,10,3,73,0,0,0.054942748022833984
pc1,static,logistic_regression,10,3,87,0,0,0.0013495419582944073
pc1,static,logistic_regression,10,3,92,0,0,0.0015245207143080256
pc1,static,logistic_regression,10,3,97,0,1,0.9087286206103125
pc1,static,logistic_regression,10,3,111,0,0,0.0009626480078387097
pc1,static,logistic_regression,10,3,117,0,1,0.9925830786651014
pc1,static,logistic_regression,10,3,122,0,0,0.0003632979140589009
pc1,static,logistic_regression,10,3,129,0,0,0.4763311620527278
pc1,static,logistic_regression,10,3,137,0,0,0.004663375383781402
pc1,static,logistic_regression,10,3,143,0,0,0.2362076239620444
pc1,static,logistic_regression,10,3,179,0,0,0.016252531697603365
pc1,static,logistic_regression,10,3,214,0,0,0.010849256000094348
pc1,static,logistic_regression,10,3,237,0,0,0.05460539568410956
pc1,static,logistic_regression,10,3,239,0,0,1.0049034928757482e-05
pc1,static,logistic_regression,10,3,241,0,1,0.8374336532609469
pc1,static,logistic_regression,10,3,249,0,0,0.1213298412481912
pc1,static,logistic_regression,10,3,273,0,0,0.4979426527151983
pc1,static,logistic_regression,10,3,279,0,0,0.2849132711189707
pc1,static,logistic_regression,10,3,301,0,0,1.746522849659759e-10
pc1,static,logistic_regression,10,3,305,0,0,0.0005169700343368603
pc1,static,logistic_regression,10,3,311,0,0,0.2166446260425567
pc1,static,logistic_regression,10,3,312,0,0,0.02856276951272235
pc1,static,logistic_regression,10,3,315,0,0,0.26139559286819397
pc1,static,logistic_regression,10,3,320,0,0,0.2739147496494075
pc1,static,logistic_regression,10,3,327,0,0,0.1268292365634973
pc1,static,logistic_regression,10,3,328,1,0,0.49024423608038403
pc1,static,logistic_regression,10,3,334,0,0,0.3726093783714891
pc1,static,logistic_regression,10,3,345,0,0,1.9926485525949478e-05
pc1,static,logistic_regression,10,3,350,0,0,0.011031991021535383
pc1,static,logistic_regression,10,3,378,1,1,0.6155561813319886
pc1,static,logistic_regression,10,3,383,0,1,0.8666378451702413
pc1,static,logistic_regression,10,3,387,0,1,0.7392379946254649
pc1,static,logistic_regression,10,3,390,0,0,0.0010187245900429205
pc1,static,logistic_regression,10,3,397,0,1,0.7700149451586107
pc1,static,logistic_regression,10,3,399,0,0,0.2414334635585289
pc1,static,logistic_regression,10,3,401,0,0,0.07814255076795842
pc1,static,logistic_regression,10,3,405,0,0,0.4378952925240592
pc1,static,logistic_regression,10,3,431,0,0,0.10268577116547142
pc1,static,logistic_regression,10,3,444,1,1,0.9964017593780847
pc1,static,logistic_regression,10,3,446,0,0,0.0024985211999571677
pc1,static,logistic_regression,10,3,458,0,0,0.03333223694989455
pc1,static,logistic_regression,10,3,463,0,0,0.34352492254545725
pc1,static,logistic_regression,10,3,471,0,1,0.5283457109436605
pc1,static,logistic_regression,10,3,485,0,0,0.05549497757438238
pc1,static,logistic_regression,10,3,506,1,0,0.4076013768956943
pc1,static,logistic_regression,10,3,511,0,0,0.22317180886675264
pc1,static,logistic_regression,10,3,526,0,1,0.9086219265314436
pc1,static,logistic_regression,10,3,535,0,0,0.012603602317380795
pc1,static,logistic_regression,10,3,536,0,0,0.09892342589486197
pc1,static,logistic_regression,10,3,540,0,1,0.9999995456825036
pc1,static,logistic_regression,10,3,542,0,0,0.08355428481696157
pc1,static,logistic_regression,10,3,568,0,0,0.08853983536728326
pc1,static,logistic_regression,10,3,571,0,0,0.031666562011079036
pc1,static,logistic_regression,10,3,594,0,1,0.5969722783932064
pc1,static,logistic_regression,10,3,604,0,0,0.0035819030687973476
pc1,static,logistic_regression,10,3,614,0,0,0.09018845091002987
pc1,static,logistic_regression,10,3,620,0,0,0.03844285253661742
pc1,static,logistic_regression,10,3,632,0,0,0.23166554900710004
pc1,static,logistic_regression,10,3,659,0,0,0.055611431136989936
pc1,static,logistic_regression,10,3,668,0,0,0.00033895525580883857
pc1,static,logistic_regression,10,3,678,0,0,0.03704922739077184
pc1,static,logistic_regression,10,3,680,0,0,0.030544608877300657
pc1,static,logistic_regression,10,3,687,0,0,0.0037421807890277367
pc1,static,logistic_regression,10,3,701,1,0,0.07119969784801482
pc1,static,logistic_regression,10,4,35,0,0,0.1494287848737355
pc1,static,logistic_regression,10,4,41,0,0,0.0005631945072632711
pc1,static,logistic_regression,10,4,44,0,0,0.04279316547030005
pc1,static,logistic_regression,10,4,50,0,0,0.3547747333392174
pc1,static,logistic_regression,10,4,70,0,0,0.271053847561533
pc1,static,logistic_regression,10,4,72,0,0,0.03898390741347057
pc1,static,logistic_regression,10,4,74,1,1,0.7323898703603665
pc1,static,logistic_regression,10,4,78,0,0,0.13738937245700422
pc1,static,logistic_regression,10,4,89,0,0,0.004354484260143841
pc1,static,logistic_regression,10,4,90,0,1,0.7669735663731033
pc1,static,logistic_regression,10,4,94,0,0,0.05795429335853979
pc1,static,logistic_regression,10,4,110,0,0,0.0003258864185100189
pc1,static,logistic_regression,10,4,116,0,0,9.649147942610106e-06
pc1,static,logistic_regression,10,4,119,0,0,0.3473980925578202
pc1,static,logistic_regression,10,4,127,0,0,0.0682130535710997
pc1,static,logistic_regression,10,4,141,0,0,0.10379505930204287
pc1,static,logistic_regression,10,4,149,1,1,0.6526389235382094
pc1,static,logistic_regression,10,4,169,0,0,2.4593147641794725e-05
pc1,static,logistic_regression,10,4,171,0,0,0.22026914082780222
pc1,static,logistic_regression,10,4,180,0,1,0.6140696379991363
pc1,static,logistic_regression,10,4,192,0,1,0.8398133583774822
pc1,static,logistic_regression,10,4,200,1,1,0.5415637564591818
pc1,static,logistic_regression,10,4,209,0,1,0.9456396334134205
pc1,static,logistic_regression,10,4,216,0,0,0.12194833581817374
pc1,static,logistic_regression,10,4,218,0,1,0.920695357819252
pc1,static,logistic_regression,10,4,228,0,1,0.5237442516155644
pc1,static,logistic_regression,10,4,230,0,0,0.2531925449977904
pc1,static,logistic_regression,10,4,240,0,0,0.17790681717752105
pc1,static,logistic_regression,10,4,251,0,0,0.015604201165897244
pc1,static,logistic_regression,10,4,252,0,0,0.35490199561627483
pc1,static,logistic_regression,10,4,261,0,0,0.23728105084701595
pc1,static,logistic_regression,10,4,270,0,0,0.005707684598299397
pc1,static,logistic_regression,10,4,288,0,0,0.0015914012230546174
pc1,static,logistic_regression,10,4,324,0,1,0.6559130816536644
pc1,static,logistic_regression,10,4,337,0,0,0.024584923088363613
pc1,static,logistic_regression,10,4,341,0,1,0.8385917770131291
pc1,static,logistic_regression,10,4,359,1,1,0.861005256522904
pc1,static,logistic_regression,10,4,374,0,1,0.988637056169978
pc1,static,logistic_regression,10,4,380,0,0,0.000536462003016284
pc1,static,logistic_regression,10,4,384,0,0,0.1654024930312768
pc1,static,logistic_regression,10,4,409,0,0,0.35031823800938083
pc1,static,logistic_regression,10,4,422,0,0,0.026235960173442097
pc1,static,logistic_regression,10,4,432,0,1,0.7407772407967771
pc1,static,logistic_regression,10,4,454,1,1,0.5400408839530214
pc1,static,logistic_regression,10,4,455,0,0,0.06233267926500246
pc1,static,logistic_regression,10,4,472,0,0,0.33307714052094894
pc1,static,logistic_regression,10,4,482,0,0,0.0638050511383536
pc1,static,logistic_regression,10,4,486,0,0,0.302311880068327
pc1,static,logistic_regression,10,4,489,0,0,0.0007386949479857431
pc1,static,logistic_regression,10,4,501,0,0,0.2694752042515571
pc1,static,logistic_regression,10,4,504,0,1,0.7437488985701689
pc1,static,logistic_regression,10,4,537,0,0,0.03559199823356183
pc1,static,logistic_regression,10,4,545,0,0,0.30912847442533553
pc1,static,logistic_regression,10,4,547,0,0,0.33150971754538283
pc1,static,logistic_regression,10,4,548,0,0,0.017868728754767572
pc1,static,logistic_regression,10,4,556,0,1,0.9353457514804788
pc1,static,logistic_regression,10,4,567,0,0,0.33482012098831154
pc1,static,logistic_regression,10,4,576,0,0,0.2055781622073806
pc1,static,logistic_regression,10,4,579,0,0,0.008831965166147086
pc1,static,logistic_regression,10,4,583,0,0,0.03167567832335016
pc1,static,logistic_regression,10,4,593,0,0,0.23101891058943588
pc1,static,logistic_regression,10,4,597,0,0,0.07347845015694526
pc1,static,logistic_regression,10,4,621,0,0,0.0005624276813624311
pc1,static,logistic_regression,10,4,625,0,0,0.010957926979541066
pc1,static,logistic_regression,10,4,630,0,1,0.6749331930512724
pc1,static,logistic_regression,10,4,643,0,0,0.08906228807182034
pc1,static,logistic_regression,10,4,653,0,0,0.03879925479420736
pc1,static,logistic_regression,10,4,655,1,1,0.9898031222440756
pc1,static,logistic_regression,10,4,665,0,0,0.12042166679836792
pc1,static,logistic_regression,10,4,674,0,0,0.026381832283971653
pc1,static,logistic_regression,10,4,694,0,0,0.012574962262135343
pc1,static,logistic_regression,10,5,4,0,1,0.5240491817490248
pc1,static,logistic_regression,10,5,17,0,0,0.17582774980281224
pc1,static,logistic_regression,10,5,37,0,0,0.014497643373942923
pc1,static,logistic_regression,10,5,39,0,0,0.004089716562943287
pc1,static,logistic_regression,10,5,47,0,0,0.17952809662652017
pc1,static,logistic_regression,10,5,57,0,1,0.8033703880500223
pc1,static,logistic_regression,10,5,62,0,0,0.007282136491795954
pc1,static,logistic_regression,10,5,71,0,0,0.2474379279162776
pc1,static,logistic_regression,10,5,79,0,0,0.2365837265959972
pc1,static,logistic_regression,10,5,107,0,0,0.46768091977617854
pc1,static,logistic_regression,10,5,114,0,0,0.001988332821971527
pc1,static,logistic_regression,10,5,138,0,0,0.20246399420125585
pc1,static,logistic_regression,10,5,146,0,0,1.3204996028825663e-06
pc1,static,logistic_regression,10,5,150,0,0,0.024196265610211057
pc1,static,logistic_regression,10,5,153,0,0,0.033296438513085974
pc1,static,logistic_regression,10,5,163,0,0,0.0718334968150894
pc1,static,logistic_regression,10,5,168,0,0,0.06863048987286752
pc1,static,logistic_regression,10,5,176,0,1,0.78263679053268
pc1,static,logistic_regression,10,5,177,0,0,0.2923393793679856
pc1,static,logistic_regression,10,5,184,0,0,0.057194571279786166
pc1,static,logistic_regression,10,5,186,1,0,0.22497818015245125
pc1,static,logistic_regression,10,5,191,0,0,0.01478203626327978
pc1,static,logistic_regression,10,5,201,0,0,0.0011644789539843221
pc1,static,logistic_regression,10,5,208,0,0,0.3247284155244256
pc1,static,logistic_regression,10,5,210,1,1,0.7974108712430101
pc1,static,logistic_regression,10,5,212,0,1,0.6042194425693734
pc1,static,logistic_regression,10,5,213,0,0,0.4765444695491455
pc1,static,logistic_regression,10,5,221,0,0,0.4942951493623545
pc1,static,logistic_regression,10,5,233,0,0,0.4817551034670503
pc1,static,logistic_regression,10,5,265,0,0,0.2831975508000736
pc1,static,logistic_regression,10,5,277,0,0,0.0011182543678298412
pc1,static,logistic_regression,10,5,298,0,0,0.009259883292075364
pc1,static,logistic_regression,10,5,300,0,0,0.2034397377295333
pc1,static,logistic_regression,10,5,322,1,1,0.9647214965584803
pc1,static,logistic_regression,10,5,326,0,0,9.789462096712977e-10
pc1,static,logistic_regression,10,5,331,0,1,0.8576212704667183
pc1,static,logistic_regression,10,5,333,0,0,0.1971099464279029
pc1,static,logistic_regression,10,5,338,0,1,0.6095092921845622
pc1,static,logistic_regression,10,5,351,0,0,0.034497838941135055
pc1,static,logistic_regression,10,5,369,0,0,0.285671559348157
pc1,static,logistic_regression,10,5,370,0,0,0.30543617430869735
pc1,static,logistic_regression,10,5,372,0,0,0.05356216336455841
pc1,static,logistic_regression,10,5,377,0,0,8.250584580214521e-05
pc1,static,logistic_regression,10,5,400,0,0,0.059920997024581577
pc1,static,logistic_regression,10,5,420,1,1,0.9322223751706591
pc1,static,logistic_regression,10,5,433,0,0,0.005059797569294083
pc1,static,logistic_regression,10,5,442,0,0,0.32174263229444117
pc1,static,logistic_regression,10,5,445,0,0,0.0004027091777015631
pc1,static,logistic_regression,10,5,447,0,0,0.0015430683900256306
pc1,static,logistic_regression,10,5,453,0,1,0.6394633338251733
pc1,static,logistic_regression,10,5,480,0,0,0.0020520114769226787
pc1,static,logistic_regression,10,5,481,0,0,0.1696772446913962
pc1,static,logistic_regression,10,5,488,0,0,0.1893443452632399
pc1,static,logistic_regression,10,5,507,1,0,0.17847020404518046
pc1,static,logistic_regression,10,5,519,0,0,0.0171194617722056
pc1,static,logistic_regression,10,5,520,0,0,0.10792024741390568
pc1,static,logistic_regression,10,5,532,0,1,0.7007525591454256
pc1,static,logistic_regression,10,5,538,0,0,0.002506266117453891
pc1,static,logistic_regression,10,5,541,0,0,0.3302123618607001
pc1,static,logistic_regression,10,5,553,0,0,0.3256238787564504
pc1,static,logistic_regression,10,5,589,1,0,0.438076176337196
pc1,static,logistic_regression,10,5,600,0,1,0.559427772534968
pc1,static,logistic_regression,10,5,624,0,0,0.07004196917182996
pc1,static,logistic_regression,10,5,629,0,0,0.20273781330751856
pc1,static,logistic_regression,10,5,631,1,1,0.5188426475852386
pc1,static,logistic_regression,10,5,656,0,0,0.004285356738373006
pc1,static,logistic_regression,10,5,658,0,1,0.515448941687819
pc1,static,logistic_regression,10,5,676,0,0,0.0006658576192466302
pc1,static,logistic_regression,10,5,679,0,1,0.5619034696593743
pc1,static,logistic_regression,10,5,686,0,1,0.7067876014201758
pc1,static,logistic_regression,10,5,702,0,0,0.0020374458893145653
pc1,static,logistic_regression,10,6,11,0,0,1.6849846145339814e-05
pc1,static,logistic_regression,10,6,18,0,0,0.05755476230701735
pc1,static,logistic_regression,10,6,26,0,0,0.13822803272362663
pc1,static,logistic_regression,10,6,43,0,0,0.15633498940501825
pc1,static,logistic_regression,10,6,55,1,0,0.40181747695113507
pc1,static,logistic_regression,10,6,66,0,1,0.9305275007101326
pc1,static,logistic_regression,10,6,76,0,0,0.2446635412289709
pc1,static,logistic_regression,10,6,77,0,0,0.00010686805187637302
pc1,static,logistic_regression,10,6,84,0,0,0.004419967497368524
pc1,static,logistic_regression,10,6,98,1,1,0.999999999996861
pc1,static,logistic_regression,10,6,133,0,0,6.414640336427476e-11
pc1,static,logistic_regression,10,6,134,0,0,0.16441303648774974
pc1,static,logistic_regression,10,6,151,0,0,0.00027930549889623485
pc1,static,logistic_regression,10,6,158,0,0,0.1061711554923855
pc1,static,logistic_regression,10,6,161,0,0,0.004851197369512172
pc1,static,logistic_regression,10,6,164,0,1,0.8090248171071898
pc1,static,logistic_regression,10,6,165,0,0,0.18070684000814738
pc1,static,logistic_regression,10,6,173,0,0,0.02588512083637287
pc1,static,logistic_regression,10,6,175,0,0,0.04140205239637223
pc1,static,logistic_regression,10,6,194,0,0,0.3902158633806623
pc1,static,logistic_regression,10,6,197,0,0,0.0041396168470916395
pc1,static,logistic_regression,10,6,207,0,0,3.7809845432400123e-16
pc1,static,logistic_regression,10,6,222,0,0,0.3952719877070722
pc1,static,logistic_regression,10,6,231,0,1,0.92034199562896
pc1,static,logistic_regression,10,6,243,0,1,0.6690141557671339
pc1,static,logistic_regression,10,6,248,0,0,0.29371200630563327
pc1,static,logistic_regression,10,6,275,0,0,0.06043245432060651
pc1,static,logistic_regression,10,6,278,0,0,0.015193789776018641
pc1,static,logistic_regression,10,6,280,0,0,0.0006491845022811112
pc1,static,logistic_regression,10,6,281,0,0,0.053848432574139765
pc1,static,logistic_regression,10,6,294,0,0,0.01165899722909084
pc1,static,logistic_regression,10,6,306,0,0,0.22161169055012966
pc1,static,logistic_regression,10,6,307,0,0,0.03582756784519828
pc1,static,logistic_regression,10,6,323,0,0,0.0006375380641582888
pc1,static,logistic_regression,10,6,336,0,0,0.05807378178490655
pc1,static,logistic_regression,10,6,340,0,0,0.14033243986366697
pc1,static,logistic_regression,10,6,342,0,0,0.1114199694484568
pc1,static,logistic_regression,10,6,358,0,0,0.0440366366701012
pc1,static,logistic_regression,10,6,368,0,0,0.0009219051823729948
pc1,static,logistic_regression,10,6,385,1,0,0.09053328003845687
pc1,static,logistic_regression,10,6,396,0,1,0.5855994657313021
pc1,static,logistic_regression,10,6,403,0,0,0.01016011786121931
pc1,static,logistic_regression,10,6,436,0,0,0.34256873621999895
pc1,static,logistic_regression,10,6,449,0,0,3.302503234222718e-05
pc1,static,logistic_regression,10,6,456,0,0,0.024587108925617128
pc1,static,logistic_regression,10,6,465,0,0,0.20560833044415885
pc1,static,logistic_regression,10,6,466,0,1,0.7281050395316315
pc1,static,logistic_regression,10,6,476,1,0,0.07017713766281995
pc1,static,logistic_regression,10,6,477,0,0,0.42653725456059455
pc1,static,logistic_regression,10,6,479,0,0,0.13596457763496006
pc1,static,logistic_regression,10,6,502,0,0,0.008496305837909574
pc1,static,logistic_regression,10,6,517,0,0,0.4469377687609027
pc1,static,logistic_regression,10,6,531,0,0,0.4744715746872074
pc1,static,logistic_regression,10,6,533,1,1,0.5658156893843624
pc1,static,logistic_regression,10,6,546,0,0,0.1072605649240182
pc1,static,logistic_regression,10,6,554,0,0,0.01042767547296671
pc1,static,logistic_regression,10,6,555,0,0,0.00031811560586390673
pc1,static,logistic_regression,10,6,561,0,1,0.6307408664979876
pc1,static,logistic_regression,10,6,599,0,1,0.6525227468702223
pc1,static,logistic_regression,10,6,606,1,1,0.8781537186848528
pc1,static,logistic_regression,10,6,618,0,0,0.05674526474813708
pc1,static,logistic_regression,10,6,623,0,1,0.6311090158921487
pc1,static,logistic_regression,10,6,648,0,0,0.31507929318282474
pc1,static,logistic_regression,10,6,650,0,0,0.0003646456966718829
pc1,static,logistic_regression,10,6,652,0,0,0.0011299877607049047
pc1,static,logistic_regression,10,6,657,0,0,0.11712888074600478
pc1,static,logistic_regression,10,6,681,0,0,0.01446139121530975
pc1,static,logistic_regression,10,6,684,0,0,0.13121133240606725
pc1,static,logistic_regression,10,6,689,0,0,0.026886650308831604
pc1,static,logistic_regression,10,6,692,0,1,0.8290521331784179
pc1,static,logistic_regression,10,7,8,0,0,0.03258701530391128
pc1,static,logistic_regression,10,7,24,0,0,0.482757934181851
pc1,static,logistic_regression,10,7,32,0,1,0.517330157232221
pc1,static,logistic_regression,10,7,33,0,0,0.22943929796836204
pc1,static,logistic_regression,10,7,45,0,0,0.44555118107919467
pc1,static,logistic_regression,10,7,64,0,0,0.238595618502023
pc1,static,logistic_regression,10,7,86,0,0,0.026518212234611444
pc1,static,logistic_regression,10,7,93,1,0,0.31677355104518035
pc1,static,logistic_regression,10,7,96,0,1,0.652224480546594
pc1,static,logistic_regression,10,7,104,0,0,0.29134690527146057
pc1,static,logistic_regression,10,7,106,1,1,0.8860351644702067
pc1,static,logistic_regression,10,7,112,0,1,0.8597258400060851
pc1,static,logistic_regression,10,7,113,0,0,0.02595879267516279
pc1,static,logistic_regression,10,7,126,0,0,0.23092456088928803
pc1,static,logistic_regression,10,7,135,0,0,0.027082725492902422
pc1,static,logistic_regression,10,7,148,0,0,8.71741272860594e-05
pc1,static,logistic_regression,10,7,178,1,1,0.9023017643001296
pc1,static,logistic_regression,10,7,189,0,0,2.6715765466794263e-07
pc1,static,logistic_regression,10,7,193,0,0,0.2755645926397225
pc1,static,logistic_regression,10,7,195,0,0,0.09525815302174094
pc1,static,logistic_regression,10,7,217,0,0,0.06393541595703844
pc1,static,logistic_regression,10,7,234,0,0,0.0019854563885107505
pc1,static,logistic_regression,10,7,245,0,0,0.25845275713150434
pc1,static,logistic_regression,10,7,262,0,0,0.02649733602262396
pc1,static,logistic_regression,10,7,263,0,0,0.10466353393459518
pc1,static,logistic_regression,10,7,269,0,0,0.0021813347248513444
pc1,static,logistic_regression,10,7,284,0,0,0.10453906718995847
pc1,static,logistic_regression,10,7,285,0,0,0.03493042456124878
pc1,static,logistic_regression,10,7,292,0,0,0.013333981187096241
pc1,static,logistic_regression,10,7,319,0,0,0.010735748937708477
pc1,static,logistic_regression,10,7,321,0,0,0.0026576494047311694
pc1,static,logistic_regression,10,7,330,0,0,0.49654940392712343
pc1,static,logistic_regression,10,7,348,0,0,0.01318484495155176
pc1,static,logistic_regression,10,7,355,0,0,0.14380644008483645
pc1,static,logistic_regression,10,7,371,0,0,0.40348711666632836
pc1,static,logistic_regression,10,7,402,0,0,1.3288693351323414e-15
pc1,static,logistic_regression,10,7,404,0,0,0.013527402225120387
pc1,static,logistic_regression,10,7,406,0,0,0.05431365529843235
pc1,static,logistic_regression,10,7,408,1,0,0.493363796074241
pc1,static,logistic_regression,10,7,410,0,0,0.0012623332646318805
pc1,static,logistic_regression,10,7,423,0,0,0.2960820871329314
pc1,static,logistic_regression,10,7,425,0,0,0.03667926319185934
pc1,static,logistic_regression,10,7,429,0,1,0.9349018419582108
pc1,static,logistic_regression,10,7,439,0,0,0.32659175853395367
pc1,static,logistic_regression,10,7,440,0,0,0.40818225336386604
pc1,static,logistic_regression,10,7,441,0,0,0.4242163037770344
pc1,static,logistic_regression,10,7,457,0,0,0.25818465041081806
pc1,static,logistic_regression,10,7,461,0,0,3.555482656561912e-05
pc1,static,logistic_regression,10,7,473,0,0,0.0014271695592878492
pc1,static,logistic_regression,10,7,474,0,0,0.01563791363202746
pc1,static,logistic_regression,10,7,483,0,0,0.2908712130124134
pc1,static,logistic_regression,10,7,487,0,0,0.1597445373356543
pc1,static,logistic_regression,10,7,490,0,0,0.0056137397164116596
pc1,static,logistic_regression,10,7,498,0,1,0.5280981121361539
pc1,static,logistic_regression,10,7,513,0,0,0.022161183288830075
pc1,static,logistic_regression,10,7,521,1,1,0.9495482732240231
pc1,static,logistic_regression,10,7,523,0,0,0.02868213682106593
pc1,static,logistic_regression,10,7,543,0,0,0.09641530673030439
pc1,static,logistic_regression,10,7,552,0,0,0.10900366649997616
pc1,static,logistic_regression,10,7,580,0,0,0.005474911698392685
pc1,static,logistic_regression,10,7,581,0,0,3.5271093020736484e-06
pc1,static,logistic_regression,10,7,587,0,0,0.3262913390447206
pc1,static,logistic_regression,10,7,601,0,0,0.017997917298750738
pc1,static,logistic_regression,10,7,602,0,0,0.32154693127311657
pc1,static,logistic_regression,10,7,634,0,0,0.21744714358638254
pc1,static,logistic_regression,10,7,638,0,0,0.00775677105295264
pc1,static,logistic_regression,10,7,646,0,0,0.0003429256023645618
pc1,static,logistic_regression,10,7,682,0,0,0.0177550624698353
pc1,static,logistic_regression,10,7,685,1,0,0.16020754146253186
pc1,static,logistic_regression,10,7,703,0,1,0.8882365066395002
pc1,static,logistic_regression,10,8,9,0,0,0.018862838153078574
pc1,static,logistic_regression,10,8,46,0,0,0.037026900489683275
pc1,static,logistic_regression,10,8,131,1,1,0.5208981568032524
pc1,static,logistic_regression,10,8,139,0,0,0.017856132691823918
pc1,static,logistic_regression,10,8,144,0,1,0.502767746169234
pc1,static,logistic_regression,10,8,155,0,0,0.16172557794782882
pc1,static,logistic_regression,10,8,157,0,0,0.2029264318630881
pc1,static,logistic_regression,10,8,172,0,0,0.4699193099864807
pc1,static,logistic_regression,10,8,196,1,1,0.8860746112680884
pc1,static,logistic_regression,10,8,205,0,0,0.17234607681568015
pc1,static,logistic_regression,10,8,211,0,1,0.8064680435863816
pc1,static,logistic_regression,10,8,224,0,0,0.009273940644850955
pc1,static,logistic_regression,10,8,229,1,1,0.7378159301517457
pc1,static,logistic_regression,10,8,247,0,0,0.014538116701048527
pc1,static,logistic_regression,10,8,256,0,0,2.251414189804071e-05
pc1,static,logistic_regression,10,8,257,0,1,0.5808199315448139
pc1,static,logistic_regression,10,8,264,0,0,0.03766772143433877
pc1,static,logistic_regression,10,8,272,1,1,0.7337757494917013
pc1,static,logistic_regression,10,8,293,0,0,0.08074359034936089
pc1,static,logistic_regression,10,8,295,0,0,0.04620625669574173
pc1,static,logistic_regression,10,8,299,0,1,0.6910453916940623
pc1,static,logistic_regression,10,8,325,0,0,0.265973054338629
pc1,static,logistic_regression,10,8,352,0,0,0.15960691868441776
pc1,static,logistic_regression,10,8,360,0,1,0.518884941851154
pc1,static,logistic_regression,10,8,361,0,1,0.7125661971983128
pc1,static,logistic_regression,10,8,373,0,0,0.4414003852071756
pc1,static,logistic_regression,10,8,376,0,0,0.05699442352457783
pc1,static,logistic_regression,10,8,392,0,1,0.57570031263447
pc1,static,logistic_regression,10,8,398,0,1,0.5765471262882967
pc1,static,logistic_regression,10,8,407,0,0,0.031176580064638196
pc1,static,logistic_regression,10,8,413,0,1,0.519772802718502
pc1,static,logistic_regression,10,8,415,0,0,0.19833052266451698
pc1,static,logistic_regression,10,8,419,0,0,0.12007242865364609
pc1,static,logistic_regression,10,8,426,0,0,0.026232432013854806
pc1,static,logistic_regression,10,8,428,1,1,0.98547575847916
pc1,static,logistic_regression,10,8,434,0,0,0.014966566283384344
pc1,static,logistic_regression,10,8,435,0,0,0.009091152678941967
pc1,static,logistic_regression,10,8,460,0,0,0.007381961352988827
pc1,static,logistic_regression,10,8,464,0,0,0.015266453095680185
pc1,static,logistic_regression,10,8,496,0,0,0.0021579562594672705
pc1,static,logistic_regression,10,8,510,0,0,0.2568486199313899
pc1,static,logistic_regression,10,8,514,0,0,0.0018255994806362231
pc1,static,logistic_regression,10,8,516,0,0,0.01262848583931174
pc1,static,logistic_regression,10,8,524,0,0,0.08988327768196468
pc1,static,logistic_regression,10,8,527,0,0,0.16108458892684518
pc1,static,logistic_regression,10,8,534,0,0,0.0023616793238660123
pc1,static,logistic_regression,10,8,539,0,0,0.004004983084021425
pc1,static,logistic_regression,10,8,559,0,1,0.5540296912773494
pc1,static,logistic_regression,10,8,560,1,1,0.9229398625914358
pc1,static,logistic_regression,10,8,562,0,0,0.09525955850115743
pc1,static,logistic_regression,10,8,577,0,1,0.5182208479764702
pc1,static,logistic_regression,10,8,590,0,0,0.10782415906201176
pc1,static,logistic_regression,10,8,598,0,0,0.03896190604448349
pc1,static,logistic_regression,10,8,603,0,0,0.24037324144372807
pc1,static,logistic_regression,10,8,607,0,0,0.0010765848729727384
pc1,static,logistic_regression,10,8,616,0,0,0.13480592955145232
pc1,static,logistic_regression,10,8,626,0,0,0.061470295790594
pc1,static,logistic_regression,10,8,627,0,0,8.664066281999686e-05
pc1,static,logistic_regression,10,8,635,0,0,0.014776170371849494
pc1,static,logistic_regression,10,8,645,0,0,0.018136708513289836
pc1,static,logistic_regression,10,8,647,0,0,0.011983123876861557
pc1,static,logistic_regression,10,8,661,0,0,0.03532891572700381
pc1,static,logistic_regression,10,8,664,0,0,0.03632940807107563
pc1,static,logistic_regression,10,8,669,0,1,0.5972897803550461
pc1,static,logistic_regression,10,8,670,0,1,0.6677073955061641
pc1,static,logistic_regression,10,8,672,0,0,0.0081801114999491
pc1,static,logistic_regression,10,8,677,0,0,0.41998262765714245
pc1,static,logistic_regression,10,8,683,0,0,0.1851036209115632
pc1,static,logistic_regression,10,8,691,0,1,0.56229554965824
pc1,static,logistic_regression,10,8,695,0,0,7.770701229876598e-05
pc1,static,logistic_regression,10,9,15,1,1,0.9624621505717306
pc1,static,logistic_regression,10,9,21,1,1,0.8512569792633657
pc1,static,logistic_regression,10,9,28,0,1,0.6062337428720843
pc1,static,logistic_regression,10,9,30,0,1,0.5387511179399326
pc1,static,logistic_regression,10,9,40,0,0,0.02987495251157033
pc1,static,logistic_regression,10,9,56,0,0,0.09830335401542159
pc1,static,logistic_regression,10,9,58,0,0,0.04164605416812142
pc1,static,logistic_regression,10,9,75,0,0,0.1848312356438334
pc1,static,logistic_regression,10,9,81,0,1,0.5374200396501332
pc1,static,logistic_regression,10,9,108,0,0,0.06997419989053542
pc1,static,logistic_regression,10,9,121,0,0,0.34078410486052935
pc1,static,logistic_regression,10,9,124,0,0,0.022123010353224275
pc1,static,logistic_regression,10,9,132,0,0,0.140354880781361
pc1,static,logistic_regression,10,9,147,0,1,0.6193947446736693
pc1,static,logistic_regression,10,9,154,0,1,0.5491421575035403
pc1,static,logistic_regression,10,9,162,0,0,0.01600937606975784
pc1,static,logistic_regression,10,9,185,0,0,0.008204657220481732
pc1,static,logistic_regression,10,9,190,0,1,0.691480781809655
pc1,static,logistic_regression,10,9,199,0,0,0.02599211386267267
pc1,static,logistic_regression,10,9,202,0,0,0.061272239426244546
pc1,static,logistic_regression,10,9,215,0,1,0.8790757525669352
pc1,static,logistic_regression,10,9,220,0,0,0.027358749179739746
pc1,static,logistic_regression,10,9,238,0,1,0.7467552003866335
pc1,static,logistic_regression,10,9,254,0,0,0.17195100260813226
pc1,static,logistic_regression,10,9,290,0,0,0.0484628839903876
pc1,static,logistic_regression,10,9,297,0,0,0.17262042998612656
pc1,static,logistic_regression,10,9,304,0,0,0.18401460212302376
pc1,static,logistic_regression,10,9,313,0,0,0.018316513638595412
pc1,static,logistic_regression,10,9,316,0,0,0.02736359587511223
pc1,static,logistic_regression,10,9,353,0,1,0.7727215987101713
pc1,static,logistic_regression,10,9,388,0,0,0.05555586310864141
pc1,static,logistic_regression,10,9,391,0,0,0.0039686164293881564
pc1,static,logistic_regression,10,9,394,0,0,0.3228228265698389
pc1,static,logistic_regression,10,9,411,0,0,0.002378660476899773
pc1,static,logistic_regression,10,9,418,0,0,0.4663415860533282
pc1,static,logistic_regression,10,9,424,0,0,0.02131215503061874
pc1,static,logistic_regression,10,9,443,0,0,0.00042129766546889424
pc1,static,logistic_regression,10,9,448,0,0,0.005570532361400527
pc1,static,logistic_regression,10,9,450,0,0,0.00618599604815611
pc1,static,logistic_regression,10,9,462,0,0,0.20505254960253955
pc1,static,logistic_regression,10,9,469,0,0,0.0968199726306055
pc1,static,logistic_regression,10,9,491,0,0,0.0004360168838410379
pc1,static,logistic_regression,10,9,492,0,1,0.678952676872316
pc1,static,logistic_regression,10,9,493,0,0,0.1721212520536893
pc1,static,logistic_regression,10,9,494,0,0,0.29373475734362264
pc1,static,logistic_regression,10,9,495,0,0,0.13424138663839166
pc1,static,logistic_regression,10,9,500,0,1,0.6834208091285247
pc1,static,logistic_regression,10,9,509,1,1,0.7124012608486815
pc1,static,logistic_regression,10,9,528,0,0,0.30302762334254635
pc1,static,logistic_regression,10,9,529,0,0,0.002110642056507425
pc1,static,logistic_regression,10,9,530,0,1,0.7282977242261585
pc1,static,logistic_regression,10,9,544,0,0,0.020134342408643868
pc1,static,logistic_regression,10,9,549,0,0,0.009961665486729472
pc1,static,logistic_regression,10,9,558,0,0,0.2958687279237475
pc1,static,logistic_regression,10,9,565,0,0,0.010033388499731354
pc1,static,logistic_regression,10,9,569,1,1,0.6895613966496424
pc1,static,logistic_regression,10,9,572,0,0,0.027798637097253363
pc1,static,logistic_regression,10,9,573,0,1,0.9948924461454631
pc1,static,logistic_regression,10,9,582,0,0,0.014415385161427367
pc1,static,logistic_regression,10,9,585,0,0,0.0008951333566812353
pc1,static,logistic_regression,10,9,588,1,1,0.9999999999792035
pc1,static,logistic_regression,10,9,611,0,0,0.008931853340510262
pc1,static,logistic_regression,10,9,619,1,1,0.8147363389650341
pc1,static,logistic_regression,10,9,633,0,1,0.5223935668019613
pc1,static,logistic_regression,10,9,637,0,0,0.2461788039921288
pc1,static,logistic_regression,10,9,641,0,0,0.0010997013525408006
pc1,static,logistic_regression,10,9,651,0,0,0.4800241288722302
pc1,static,logistic_regression,10,9,666,0,0,0.0007653520039165706
pc1,static,logistic_regression,10,9,667,0,0,1.695059505521508e-05
pc1,static,logistic_regression,10,9,673,0,0,0.04432290277622944
pc1,static,logistic_regression,10,10,0,0,0,0.03882065064951369
pc1,static,logistic_regression,10,10,2,0,0,0.12558879342026827
pc1,static,logistic_regression,10,10,3,0,0,0.32291740368269833
pc1,static,logistic_regression,10,10,6,0,0,0.03166394327400892
pc1,static,logistic_regression,10,10,7,0,1,0.5087678619102957
pc1,static,logistic_regression,10,10,22,1,0,0.47782523198397453
pc1,static,logistic_regression,10,10,29,0,1,0.9841304662416792
pc1,static,logistic_regression,10,10,53,1,1,0.5095956471431696
pc1,static,logistic_regression,10,10,54,0,0,0.01108614025922172
pc1,static,logistic_regression,10,10,59,0,1,0.7301355876246333
pc1,static,logistic_regression,10,10,83,0,0,0.023017501629472248
pc1,static,logistic_regression,10,10,91,1,1,0.5129772594034931
pc1,static,logistic_regression,10,10,95,0,0,0.1106773180183936
pc1,static,logistic_regression,10,10,100,0,0,0.32029862930891884
pc1,static,logistic_regression,10,10,101,0,0,0.034946970667086234
pc1,static,logistic_regression,10,10,102,0,0,0.0014254939248234764
pc1,static,logistic_regression,10,10,118,0,0,0.16808782645727202
pc1,static,logistic_regression,10,10,128,0,0,0.008254460958543784
pc1,static,logistic_regression,10,10,136,0,0,0.0011465754279743022
pc1,static,logistic_regression,10,10,140,0,0,0.0014210789386608204
pc1,static,logistic_regression,10,10,142,0,0,0.03307064822381655
pc1,static,logistic_regression,10,10,152,0,1,0.6834697843428159
pc1,static,logistic_regression,10,10,159,0,1,0.9854052968407835
pc1,static,logistic_regression,10,10,160,0,0,0.34642221921847455
pc1,static,logistic_regression,10,10,174,0,0,0.1625262343953288
pc1,static,logistic_regression,10,10,223,0,0,0.2282811633093259
pc1,static,logistic_regression,10,10,226,0,0,0.012456370769961204
pc1,static,logistic_regression,10,10,227,0,1,0.9990813154088025
pc1,static,logistic_regression,10,10,235,0,0,0.10106418603510642
pc1,static,logistic_regression,10,10,260,0,0,0.22886908111969564
pc1,static,logistic_regression,10,10,274,0,0,0.0009003128061943451
pc1,static,logistic_regression,10,10,282,0,0,0.00027183379772032656
pc1,static,logistic_regression,10,10,283,1,0,0.49992530957740233
pc1,static,logistic_regression,10,10,289,0,0,0.11801354929844374
pc1,static,logistic_regression,10,10,296,0,0,0.4324579773311021
pc1,static,logistic_regression,10,10,303,0,0,0.0020968705399358606
pc1,static,logistic_regression,10,10,308,0,0,0.08309046970279768
pc1,static,logistic_regression,10,10,309,0,0,0.14177075185568955
pc1,static,logistic_regression,10,10,343,0,0,0.060426400252148973
pc1,static,logistic_regression,10,10,346,0,0,0.003037319262115898
pc1,static,logistic_regression,10,10,347,0,0,2.3054141494681914e-09
pc1,static,logistic_regression,10,10,354,0,0,0.01778288436453594
pc1,static,logistic_regression,10,10,364,0,1,0.602492049022061
pc1,static,logistic_regression,10,10,365,0,0,0.0014607926760821495
pc1,static,logistic_regression,10,10,367,0,0,0.06094669496703748
pc1,static,logistic_regression,10,10,386,0,0,0.01327573064925827
pc1,static,logistic_regression,10,10,389,0,0,0.21180011496330126
pc1,static,logistic_regression,10,10,393,0,0,0.02080628264870417
pc1,static,logistic_regression,10,10,416,0,0,0.46342405378086216
pc1,static,logistic_regression,10,10,421,0,1,0.6881768219966833
pc1,static,logistic_regression,10,10,459,0,1,0.6659284941283872
pc1,static,logistic_regression,10,10,467,0,1,0.6086071422690059
pc1,static,logistic_regression,10,10,499,0,0,0.0005069729535943079
pc1,static,logistic_regression,10,10,508,0,0,0.08806658002862566
pc1,static,logistic_regression,10,10,512,0,0,0.16905549189787206
pc1,static,logistic_regression,10,10,518,0,1,0.9095149096149506
pc1,static,logistic_regression,10,10,557,0,0,0.018258309631590242
pc1,static,logistic_regression,10,10,563,0,0,0.0012787708895086048
pc1,static,logistic_regression,10,10,564,0,0,0.03340559901076908
pc1,static,logistic_regression,10,10,574,0,0,0.027181035055383457
pc1,static,logistic_regression,10,10,578,0,0,2.245272446696115e-05
pc1,static,logistic_regression,10,10,596,0,0,0.39619073898274504
pc1,static,logistic_regression,10,10,609,0,0,0.1740818399486079
pc1,static,logistic_regression,10,10,610,1,0,0.4858803922268211
pc1,static,logistic_regression,10,10,617,1,1,0.6756855818165652
pc1,static,logistic_regression,10,10,628,0,0,0.35741518635280656
pc1,static,logistic_regression,10,10,640,0,0,0.0006323339915939643
pc1,static,logistic_regression,10,10,660,0,0,0.0915281613796846
pc1,static,logistic_regression,10,10,663,0,0,0.08602798012976323
pc1,static,logistic_regression,10,10,697,0,1,0.5341269253568838
