dataset,feature_set,model,cv_folds,accuracy_mean,accuracy_std,precision_mean,precision_std,recall_mean,recall_std,f1_mean,f1_std,auc_roc_mean,auc_roc_std,mcc_mean,mcc_std,balanced_acc_mean,balanced_acc_std,pr_auc_mean,pr_auc_std
aeeem_eclipse,static,logistic_regression,5,0.8034321608040201,0.025709089813879118,0.5189457077295093,0.04816713030349495,0.665040650406504,0.08857685333310468,0.5818912700970752,0.060685858354191324,0.8065555628602109,0.03884320829384256,0.4629716094477894,0.07722549733196889,0.752248053887274,0.04522644666750478,0.6078758466366874,0.09436543338705225
aeeem_eclipse,static,random_forest,5,0.8405477386934674,0.0293624673869245,0.6251212592454551,0.07748248022053779,0.5778164924506388,0.12190005010227815,0.5958701621872977,0.08977322407268672,0.8719594927277534,0.039799393751954126,0.5009749395063997,0.10175473844222915,0.7434102763184649,0.0588068347925249,0.6787361496774398,0.1257562423961615
aeeem_eclipse,static,xgboost,5,0.8365326633165828,0.01936095542019969,0.6123571167597475,0.05207111744232313,0.5873403019744483,0.09917196272888162,0.5949954316245396,0.05797267407336026,0.8595781228718835,0.02964468642881861,0.49646115875655933,0.0635782232971077,0.7443826738755293,0.042080604254373453,0.6817802224930871,0.08609912623298566
aeeem_eclipse,static,lightgbm,5,0.84156783919598,0.02273714284393347,0.6314231953776617,0.0717445767156533,0.5875725900116144,0.0601828897760257,0.6053724754442115,0.04218268801234746,0.8608895766360509,0.029050176828992212,0.5094268676948228,0.05634025926765666,0.7476554137065476,0.028439346056893394,0.6740551779460606,0.07627996042451153
aeeem_eclipse,static,logistic_regression,10,0.8023636363636364,0.04192778298238261,0.5216680779641135,0.0883886880127613,0.6542857142857142,0.09415923321318273,0.5783654794438279,0.08364220892730527,0.7996368670886075,0.05622140710395588,0.45854075923434595,0.10816988934136332,0.7475305153707051,0.05583134112755764,0.6120476823220666,0.12277796353214036
aeeem_eclipse,static,random_forest,10,0.8435151515151513,0.04509313359142832,0.635247971707926,0.12804891072330032,0.5866666666666667,0.12720318407096928,0.6061878306915175,0.1147865402569855,0.8636492427667269,0.039806604943500905,0.5123348426046049,0.143014873890749,0.7484836497890296,0.07165497076089557,0.6695834214615888,0.13142281300981118
aeeem_eclipse,static,xgboost,10,0.8455151515151516,0.03819844767585865,0.6288728534892217,0.09716103291924862,0.6257142857142857,0.10393977557381044,0.6250680364144257,0.09362510881253673,0.8587529008438818,0.03810790154453446,0.5295877258384307,0.11611502641503518,0.7642020795660037,0.059544989959144444,0.6771572684678291,0.11337118241049224
aeeem_eclipse,static,lightgbm,10,0.8424949494949494,0.03257725137736828,0.6319648965959035,0.09149898913582,0.5914285714285714,0.10022147306536301,0.6066982860416512,0.07998292178376346,0.8513131404460518,0.04227980191595948,0.51215632100982,0.09855472216787513,0.7495987793851718,0.05231752969963179,0.6648002516737714,0.11689936444843542
aeeem_eclipse,hybrid,logistic_regression,5,0.8244824120603015,0.02448939178176257,0.5700678105774593,0.055104897397250864,0.6310104529616726,0.04730213801127584,0.5983111894553803,0.04685974210483056,0.8098701195309745,0.05583712863560121,0.48802084524203265,0.061682065812932584,0.75292262955384,0.029871071981490346,0.627443202741398,0.10243823256929693
aeeem_eclipse,hybrid,random_forest,5,0.8445276381909548,0.024294029486484656,0.6254984934942518,0.048692580244401575,0.6214866434378629,0.12207172852289061,0.6187609541797451,0.07773045432262791,0.8598810141006661,0.0379919969475047,0.5247732940865092,0.08624882819476946,0.7620648725508716,0.056882513823411765,0.6819861497482295,0.09397372754833368
aeeem_eclipse,hybrid,xgboost,5,0.8445427135678392,0.02915791202643927,0.6230587958053493,0.06187539950327341,0.6263646922183507,0.09449120747647764,0.6234526103096424,0.07426622583501895,0.8470004496523863,0.04093304190894197,0.526510978415022,0.0911579066474953,0.7638670049739155,0.05120576645335024,0.6565022789544811,0.07278869435811695
aeeem_eclipse,hybrid,lightgbm,5,0.8535628140703517,0.015594985755609367,0.6585902846367963,0.02338570093010709,0.6019744483159116,0.10118670602207727,0.6259327452328513,0.06551888559273672,0.8603227677505204,0.02876806989816719,0.5383094553226421,0.06734602599783622,0.7605326425163669,0.046336344646202114,0.6712063796457537,0.07240620095564083
aeeem_eclipse,hybrid,logistic_regression,10,0.8163838383838385,0.03647267602352069,0.554122383252818,0.09410285138313429,0.6207142857142858,0.0981502516923998,0.5825554892751161,0.08305808944686466,0.8019234101868596,0.05494757551829052,0.4692018388050605,0.10584714710527138,0.743996383363472,0.0542376475275206,0.6374164178171323,0.11081802327232203
aeeem_eclipse,hybrid,random_forest,10,0.8484646464646465,0.04265215356167409,0.6396835453549008,0.11032669658679309,0.6100000000000001,0.14823561288090617,0.6192044614514163,0.12237962369437475,0.8679013524713683,0.057387599905627626,0.5289524673606738,0.14319240325623506,0.760134493670886,0.07813778165125707,0.6856421316192947,0.12991603822786635
aeeem_eclipse,hybrid,xgboost,10,0.8465050505050504,0.03848156971460356,0.638270996043038,0.11632260509041953,0.6261904761904762,0.10527771046851066,0.6273437695297798,0.09192172564012618,0.8562380575647982,0.0515603921328461,0.53465598147565,0.11617107056646062,0.7650809975889089,0.05711624010570362,0.6836570238213079,0.09116706138210691
aeeem_eclipse,hybrid,lightgbm,10,0.8595353535353535,0.0425966833717769,0.6825829889065184,0.1163037714275975,0.6111904761904762,0.11398245700065106,0.6416606785027836,0.10621330510151084,0.8639144062688366,0.04284488172839112,0.5583565831596697,0.1312793838396661,0.7676759342977697,0.0659410608938418,0.6977765344382021,0.09753319968242923
aeeem_equinox,static,logistic_regression,5,0.7006730769230769,0.0292669626635614,0.6244102564102565,0.028730766370324456,0.6203076923076923,0.09485211161024869,0.6198452343390818,0.05939030442839385,0.803826429980276,0.03128319539458457,0.3754333191862776,0.06899104983768356,0.687076923076923,0.0379719263751054,0.749701609146262,0.04037926352706338
aeeem_equinox,static,random_forest,5,0.6913942307692308,0.03727140012143138,0.596891495601173,0.03441571063158663,0.6901538461538461,0.12086767178547057,0.6365964650822287,0.06686618673518502,0.7777278106508876,0.037714026071063604,0.3779751870154045,0.08985768889546779,0.6912307692307692,0.04791902275315471,0.6718242251103123,0.07018321295709601
aeeem_equinox,static,xgboost,5,0.6946153846153845,0.07335977647685227,0.6046936337258917,0.08040804042622814,0.6907692307692308,0.08777324200366715,0.643611859838275,0.07832533073650612,0.7857357001972386,0.040606363431428705,0.382658297693722,0.1442007416311206,0.6941025641025641,0.07342248480865146,0.6980361851803671,0.06205387021821299
aeeem_equinox,static,lightgbm,5,0.6761057692307693,0.07130708875045375,0.5888465608465608,0.0809845908877441,0.6519999999999999,0.08295147223263812,0.6166568580585793,0.07222865564879455,0.7743984220907297,0.05319311247311783,0.34126478923467,0.13589952910072714,0.6721538461538461,0.06878527127024534,0.6818378183055973,0.07889512563084843
aeeem_equinox,static,logistic_regression,10,0.7040719696969697,0.073106019717893,0.6311419054801408,0.09511876253172401,0.6128205128205128,0.16504802427709758,0.6151743988145787,0.11827665216286591,0.7986639676113361,0.06771013492984863,0.38195492069559633,0.16427097949682437,0.6883839406207828,0.08327761869107769,0.754689702444586,0.06737687792648066
aeeem_equinox,static,random_forest,10,0.6881628787878789,0.09878290537730272,0.6004397210976158,0.126218424952696,0.6826923076923077,0.18562092609705463,0.6301103723862346,0.13311583815784125,0.7877682186234817,0.0645524999421349,0.37454777598618866,0.2114565966515913,0.6868724696356275,0.10445835642904351,0.7030618938965129,0.09627759277286732
aeeem_equinox,static,xgboost,10,0.6792613636363637,0.07523633022212285,0.5815455304928989,0.09128663164165451,0.6583333333333334,0.1832145033577614,0.611601810700338,0.12310069317731628,0.791998987854251,0.05566397998903931,0.34847017411789344,0.1765094428477819,0.6750877192982455,0.08932414774425458,0.7112209335572558,0.07819622954451914
aeeem_equinox,static,lightgbm,10,0.6978219696969697,0.07893617116749987,0.6149655246714071,0.10036447660571719,0.6506410256410257,0.18679784885202513,0.6226341591502882,0.12496202696152302,0.7968286099865047,0.04959298424530631,0.3816043330860925,0.17548604900342746,0.6892678812415653,0.08936801036877573,0.7241708799414334,0.06743259998683863
aeeem_equinox,hybrid,logistic_regression,5,0.7376442307692308,0.03268682787784671,0.656959706959707,0.047183838217677354,0.7283076923076923,0.05679403252259445,0.6886634656567705,0.02957928372388838,0.8215621301775148,0.019545556939266764,0.46779265901043987,0.053292988495384566,0.7359487179487181,0.026941629749213766,0.7780621465913814,0.0395486943209942
aeeem_equinox,hybrid,random_forest,5,0.7810096153846153,0.035852783154327675,0.6993981481481482,0.03806008916853908,0.7913846153846154,0.06835860888201298,0.7416200390370852,0.04428941117399779,0.8622998027613413,0.004519512011185736,0.5573923418727796,0.07569888202763314,0.7828717948717948,0.03958919555884802,0.7985038169015637,0.05482834632321417
aeeem_equinox,hybrid,xgboost,5,0.7470673076923078,0.046058721082134844,0.6671645021645022,0.05551967038776679,0.736923076923077,0.07719183818032063,0.6984625424913242,0.05319682990281212,0.8558500986193293,0.017302595382279313,0.48570057764802704,0.09194136322980673,0.7453846153846154,0.047232759778761756,0.8020573346990292,0.027361319373015915
aeeem_equinox,hybrid,lightgbm,5,0.765576923076923,0.03894171414552416,0.686471694786489,0.038763467615598325,0.7603076923076922,0.09827747218188682,0.7190836325929991,0.0549392821116797,0.85032741617357,0.027450369603602923,0.5240798872435151,0.08534239990843298,0.7647692307692308,0.045904812471254434,0.7980378999066009,0.03271773307903782
aeeem_equinox,hybrid,logistic_regression,10,0.750094696969697,0.051217065170130194,0.6823332223332224,0.07347580746544516,0.7128205128205127,0.09029136852132826,0.6936261624199912,0.06213840498714429,0.8344264507422402,0.057832616854025826,0.48756075515987807,0.10331385287225392,0.743778677462888,0.05147647933375843,0.7908194546578021,0.08587544675624448
aeeem_equinox,hybrid,random_forest,10,0.7965909090909091,0.06692336083831503,0.7362550521374052,0.10565777510488811,0.7980769230769231,0.10464633152124685,0.7585591700388334,0.0669888363013875,0.860754048582996,0.03637128258632874,0.5948297520846795,0.13005659325774377,0.796406882591093,0.06328691696503194,0.782400598916654,0.06561622909417057
aeeem_equinox,hybrid,xgboost,10,0.762689393939394,0.06468757324189332,0.6885112436583025,0.09015362710408442,0.7673076923076925,0.10274423284691196,0.720724689764299,0.06863297153113117,0.8574122807017543,0.046120797775969,0.5249804084057657,0.12775387822896792,0.762995951417004,0.06278876335591292,0.7976434958754347,0.07658110934742496
aeeem_equinox,hybrid,lightgbm,10,0.771780303030303,0.047757075431286794,0.7004388993359582,0.06386695848814458,0.751923076923077,0.10113182627313022,0.7221790942135768,0.06398416201172932,0.8553356950067477,0.061048462000022674,0.5340093228654776,0.10401528978377417,0.76832995951417,0.05292048999846125,0.7974202061658155,0.09164095604385143
aeeem_lucene,static,logistic_regression,5,0.7452716087999166,0.0400013283409379,0.16607190590751136,0.029318195021656453,0.4217948717948718,0.0385682280935675,0.2371609785563274,0.034734908163374704,0.6276818884818886,0.06752057940893234,0.13817490809201363,0.04321788792267687,0.6000974358974359,0.028710795552862663,0.24020839488683388,0.027157083157956202
aeeem_lucene,static,random_forest,5,0.8567094150766342,0.01590889281264203,0.23242424242424242,0.04725718470210406,0.23461538461538467,0.055068542551062895,0.23220346969372457,0.046311234621209965,0.6917676027676027,0.05305071734758459,0.15412795323407194,0.05144979433439689,0.5774092796092797,0.026637101494278528,0.2626078486641456,0.04315566490609319
aeeem_lucene,static,xgboost,5,0.8306537378792619,0.013529317247389063,0.17369047619047617,0.02985817762314131,0.21923076923076926,0.03748767055695755,0.19329237071172553,0.030909141367714426,0.6397368335368335,0.04338912347866371,0.10139135284037921,0.03610023957344241,0.5561677655677656,0.019475285815061402,0.2149595147691828,0.04588786029883969
aeeem_lucene,static,lightgbm,5,0.8596288186841831,0.010896042883314591,0.2101298701298701,0.03755470513648516,0.18846153846153849,0.047884229223033585,0.19806763285024154,0.04208031736759504,0.6707934879934879,0.02939617753168122,0.122112483289279,0.04503771178491242,0.5583387057387058,0.023270090837615984,0.24317768054954986,0.059250476929276555
aeeem_lucene,static,logistic_regression,10,0.7453002070393375,0.06628290369212657,0.14695369445369444,0.06630267711633635,0.34523809523809523,0.14119402281473964,0.20405458834251405,0.0886158095704042,0.6510423524248409,0.09586945663071363,0.09464194399946538,0.11625359307317257,0.5658090117767538,0.08157354250548404,0.26871691983239215,0.10762621696957307
aeeem_lucene,static,random_forest,10,0.8581573498964804,0.02548078696298353,0.2444444444444444,0.13081468898110638,0.23095238095238094,0.10471980876219515,0.23213286713286713,0.1051127278620069,0.7288536561578036,0.08691294776050196,0.15773844684343177,0.11699001296385626,0.5763952892985151,0.05436961353207497,0.3096300014671046,0.09231405879851981
aeeem_lucene,static,xgboost,10,0.8436645962732919,0.03349667139661481,0.20329365079365078,0.144667159976309,0.21904761904761902,0.13079596237747723,0.19852941176470584,0.11256117886726022,0.6589057128227636,0.11657088608414508,0.12118750645044866,0.12231271625490386,0.5632360471070148,0.061334910200881575,0.25825262511244257,0.09753368001885548
aeeem_lucene,static,lightgbm,10,0.872608695652174,0.027314558197055635,0.29964285714285716,0.20113219624876286,0.26904761904761904,0.16875113728235785,0.26635638870932987,0.15537360002716497,0.6906578401970107,0.11095631145168885,0.20821044658424945,0.16647724675733305,0.6017793138760881,0.07870655656793617,0.29786653034895777,0.1175626085481717
aeeem_lucene,hybrid,logistic_regression,5,0.7886873110207486,0.018362403569244776,0.18572474985155743,0.06038016380022449,0.39230769230769236,0.15951108733329014,0.2510473178765862,0.0871579073070994,0.6632798534798535,0.06831000676901083,0.16034113268978553,0.10832814143709345,0.610826862026862,0.07670707945139649,0.3456864470072587,0.09587614154615397
aeeem_lucene,hybrid,random_forest,5,0.8813575226775102,0.01471931431377266,0.3388888888888889,0.10467468711898205,0.32820512820512826,0.17522409808481937,0.32698338220918866,0.1282564657671326,0.807756573056573,0.04713141803170379,0.26637268381308266,0.13662927037136174,0.6330105006105006,0.08375470844458399,0.38588118817051603,0.11046006225820115
aeeem_lucene,hybrid,xgboost,5,0.878427692628506,0.03095542690268114,0.3516483516483516,0.1607084154088974,0.35769230769230764,0.17392952391684638,0.35185405587804386,0.15961353787614438,0.7744280016280016,0.04901428394199961,0.28661199342816207,0.17781705452194455,0.6445604395604395,0.09367930157672567,0.4128811441913237,0.11937701743501963
aeeem_lucene,hybrid,lightgbm,5,0.8914711708893754,0.022852062525835458,0.37764180264180264,0.16738896085214158,0.2961538461538461,0.1652056276531887,0.32873126873126873,0.16133806406760867,0.7740802604802605,0.038944825828434136,0.2751817900609921,0.1726175550337161,0.6241531135531135,0.08523945643807625,0.38174217052428805,0.11715107257286249
aeeem_lucene,hybrid,logistic_regression,10,0.8089648033126293,0.0482379490649874,0.23686238598003304,0.10538072870885913,0.4714285714285714,0.2280417142357838,0.3130844588025904,0.1421603030681793,0.731514397873845,0.13651105963212173,0.23536410090080145,0.17799335806627475,0.6575524833589348,0.12310430733692507,0.40816226149561147,0.16704849093632568
aeeem_lucene,hybrid,random_forest,10,0.8813664596273292,0.030972205294754113,0.378546176046176,0.18236886491192814,0.3928571428571428,0.18823081310526066,0.37518736165794986,0.1663493373398159,0.8105807914563675,0.0822173332930743,0.3167349562152455,0.18291213817450863,0.6621479774705581,0.09478030722587785,0.4326580947204273,0.19668198690842548
aeeem_lucene,hybrid,xgboost,10,0.8799171842650104,0.034712978164138826,0.38803030303030306,0.17119605315698774,0.37857142857142856,0.1394885015909544,0.37215872362931185,0.12816248611147488,0.7999292907127009,0.0902054622230953,0.3132157610463307,0.14914822048066698,0.655005120327701,0.07171540094145615,0.43097714843291934,0.18027614999127783
aeeem_lucene,hybrid,lightgbm,10,0.8871428571428572,0.02332203151063448,0.3611904761904762,0.1850689166371971,0.31428571428571433,0.1853816040718277,0.3284770784770785,0.16900691723498354,0.7893277741204009,0.09739534819267591,0.2728904586497426,0.18239220242110643,0.6300179211469534,0.09309355745207631,0.417326906776577,0.1876317224167135
aeeem_mylyn,static,logistic_regression,5,0.7588486263657066,0.017956592705751052,0.2762356089754809,0.026485889776793822,0.5102040816326531,0.03226813938947324,0.3581986529000802,0.02899810906602977,0.7195310287857832,0.027148874921165713,0.24198112256079707,0.03752362579529787,0.6533638991659042,0.02184400560867289,0.3201109749441423,0.051450526999083514
aeeem_mylyn,static,random_forest,5,0.8421127735016863,0.010322807361606992,0.40167213738642304,0.04310388363447338,0.4204081632653061,0.1026512354282391,0.4080847561031648,0.06544847184081849,0.7704699423629101,0.04236824749234334,0.3191927067704392,0.06985172783642848,0.6632121464570234,0.045954021695374755,0.36793311108684157,0.06087597580607198
aeeem_mylyn,static,xgboost,5,0.8200798524027789,0.008857776000938324,0.36014528726565037,0.030658404479124626,0.4816326530612245,0.0930755449060521,0.41085960288992157,0.05105111244267991,0.7756949758460889,0.038771414305613074,0.3127933380836107,0.06032420188521931,0.6765003077254294,0.042076030151796825,0.35956450378723886,0.04513955963548841
aeeem_mylyn,static,lightgbm,5,0.8464080832540575,0.008637364956126358,0.41373463072148614,0.042599824083897904,0.4204081632653061,0.10952169685713255,0.4141353383458647,0.06868046222030509,0.7584834323592986,0.04183516930625109,0.3279316651136502,0.07336007626165059,0.6656841489032261,0.04910600491445544,0.35942258729311893,0.07007797047182078
aeeem_mylyn,static,logistic_regression,10,0.7626185958254269,0.02866215509680188,0.2770122595745915,0.054449739257056505,0.5029999999999999,0.12176885612088033,0.35650354745890467,0.07468684376351115,0.7148435606931984,0.05666787307062887,0.24144789714531018,0.09761506642371495,0.6525486159036884,0.06414446791359374,0.3391393628496811,0.08927779992064398
aeeem_mylyn,static,random_forest,10,0.8453395434420102,0.026338181635230894,0.4232842827670414,0.08489379003296861,0.45866666666666667,0.09745464282119866,0.4379399028247752,0.08538715848508788,0.7811199582087264,0.04625237829897257,0.3505863281985791,0.09912979681769954,0.6814133118625871,0.052555970980435913,0.39562890237281645,0.07119230202569188
aeeem_mylyn,static,xgboost,10,0.8275889828071991,0.020320962821182082,0.38250154407855647,0.05563223610488915,0.5028333333333335,0.09474804144690639,0.4328565400661848,0.06599978616906178,0.7745571371060502,0.04485078195150118,0.3390659660052656,0.07861408548314927,0.6898838087569972,0.04777464954313873,0.38476295517907194,0.06463054877468229
aeeem_mylyn,static,lightgbm,10,0.8394169397964465,0.01467553654665119,0.3930568190575203,0.053230150483524453,0.4173333333333333,0.09402586983129091,0.4031199196221681,0.0692620054250655,0.7565397017099917,0.04708187176042884,0.3119237082419285,0.07673959303937695,0.6604284180660992,0.04550649574472258,0.3743146705623378,0.08491296427976416
aeeem_mylyn,hybrid,logistic_regression,5,0.7567197094179712,0.03173121703568722,0.30877776183714556,0.03800959464800485,0.673469387755102,0.06920744880740068,0.42257155452601375,0.0454997422224469,0.7922201239170131,0.047740262349958845,0.331494437807703,0.06064936687454907,0.721402927642792,0.03921529964455011,0.39019369279915755,0.09273959356552765
aeeem_mylyn,hybrid,random_forest,5,0.8667992735449278,0.010493454750693293,0.49221745328293603,0.03769348144674808,0.48979591836734687,0.08895712129674845,0.4891431363796821,0.060575891247339884,0.8409528138740876,0.023553933558064552,0.4138746150669556,0.06462198953864948,0.7068661967711061,0.04226180963786665,0.4638313057364335,0.034559052522705073
aeeem_mylyn,hybrid,xgboost,5,0.8501686413560495,0.011158246966696558,0.44466730967518553,0.025642246468970713,0.5306122448979592,0.038180177416060626,0.48242033700587433,0.010222290341987253,0.844000056162816,0.019201981921513487,0.39888113471260245,0.011960898997537828,0.7146028391863568,0.01120298692362725,0.4555814660687707,0.04218249994613511
aeeem_mylyn,hybrid,lightgbm,5,0.8646559428060769,0.014363860301617426,0.48896434839291975,0.05931500362970226,0.47346938775510206,0.06356086327509157,0.47889774445242467,0.04769276890097383,0.8421749986544326,0.025847382552518103,0.4027224187631299,0.05553483072374606,0.6987029314649836,0.03090040950820033,0.4679879767040019,0.07227193742327849
aeeem_mylyn,hybrid,logistic_regression,10,0.7593841642228739,0.03627163204425855,0.3052926507182982,0.05575628806272111,0.6365000000000001,0.09428892424122728,0.41207682120750455,0.06895394455588949,0.7824236606344095,0.06727832412777753,0.3146939197285142,0.09074022827955715,0.7072270723104056,0.05737167562152174,0.4034193916175373,0.12713034770411544
aeeem_mylyn,hybrid,random_forest,10,0.8646598815479271,0.01576594686452509,0.4813063334665165,0.05955410814126553,0.49850000000000005,0.12734091988258608,0.4862903521687497,0.08950864576420713,0.8400849021036219,0.04005824746664529,0.41095857572977385,0.09652984780843742,0.7093642550417913,0.06093562658650101,0.472484082221943,0.07000195993832632
aeeem_mylyn,hybrid,xgboost,10,0.8501437525156691,0.024581260033632292,0.44874195561292335,0.07277293096807534,0.5678333333333334,0.08840161581675046,0.49955281052626505,0.07321534351858205,0.8434903477494057,0.04746038876013368,0.41822488363325955,0.08673879382085414,0.7304180852695346,0.04760224739593546,0.4645971181753789,0.08220760553790325
aeeem_mylyn,hybrid,lightgbm,10,0.864107871887758,0.028191816802827716,0.4918465589621336,0.10589015197585512,0.4903333333333334,0.09538356614930073,0.4881027748007466,0.09017700374211117,0.8510980273752013,0.04111579929344576,0.411810189952906,0.10679669423500612,0.7055703933747411,0.052870673829762876,0.48955414060797875,0.09780242446628801
aeeem_pde,static,logistic_regression,5,0.7628494983277593,0.011073496719806784,0.3057368919079265,0.018403978161519955,0.5502903600464577,0.05862627478052705,0.39248539183783104,0.02721425128240195,0.7185714506420502,0.031860954550031136,0.2777410914948817,0.034156996339201204,0.6738300652523181,0.024112652382187,0.3485036639259107,0.03635196760362619
aeeem_pde,static,random_forest,5,0.8263121516164995,0.023079443956689843,0.38907231865919356,0.07068253583174054,0.39744483159117305,0.04993787629082292,0.39107836387696765,0.05051646194484845,0.7719753526859053,0.029614876510063573,0.29143351512449517,0.06411985487787779,0.646702990705851,0.029021607274866586,0.36099223479872977,0.06590531914380877
aeeem_pde,static,xgboost,5,0.7995875139353401,0.015322455329903643,0.3293559380462685,0.03879126415460797,0.42659698025551684,0.09840901268245546,0.37008828294497886,0.05864273544012329,0.7640459861719499,0.013738457142440345,0.25755016908237394,0.06943421073774715,0.6434149200134399,0.04565194011285603,0.3443905678794771,0.031108629468700667
aeeem_pde,static,lightgbm,5,0.8176321070234114,0.017633355450344796,0.34972695069646853,0.047164312518352375,0.34494773519163763,0.058943804599083896,0.34487548502678794,0.04199542499319952,0.7508377359844284,0.02666545636276339,0.24077167463385077,0.0490171038151904,0.61967321607107,0.02723808898434464,0.3577048410632623,0.03304746742402454
aeeem_pde,static,logistic_regression,10,0.7608366890380313,0.026992852218358412,0.3083915558723743,0.032181730710892864,0.5647619047619048,0.08423772286295975,0.3965649483984245,0.03934026785662418,0.7104200119970469,0.046570439922465574,0.28440944755795455,0.048699825513707565,0.678719978543743,0.03317002742672234,0.3540235695478676,0.09326188241340277
aeeem_pde,static,random_forest,10,0.8289843400447428,0.028583720239936078,0.38607441320289615,0.09403218920777685,0.36428571428571427,0.10411657903877856,0.3715857787201013,0.09271869718444442,0.7646516818936877,0.031156914729643326,0.2752581912007092,0.10669302772193219,0.6343866798172758,0.055149463053485656,0.3711503646189002,0.08018106019126507
aeeem_pde,static,xgboost,10,0.8022639821029083,0.0282388517520561,0.32955927603873847,0.06862229283478932,0.39309523809523805,0.09648946408424239,0.3556532905901974,0.07431408719950722,0.7538511674049465,0.0430610403856018,0.24359344573696787,0.08727401513529391,0.6309317033499446,0.04885125362895004,0.36569252501258176,0.05571717989502531
aeeem_pde,static,lightgbm,10,0.833668903803132,0.024015286864730027,0.40037179217408836,0.0856067063869876,0.36928571428571433,0.11446442156620004,0.3783327543327543,0.08710709954569579,0.7462262942967883,0.03753138189045246,0.28716136479688553,0.09625256723408954,0.6392213455149502,0.05348872525988315,0.3767525155560276,0.04701259810292784
aeeem_pde,hybrid,logistic_regression,5,0.7701828316610925,0.019011980827635677,0.29830637529114507,0.04904050950635095,0.48269454123112665,0.09456773079286443,0.3686061437328728,0.06487503659369129,0.688972401668637,0.05234107873752316,0.2479324455372321,0.08034139833491076,0.6497250946435547,0.05009815662041907,0.3585474626092358,0.04505824864796454
aeeem_pde,hybrid,random_forest,5,0.839685618729097,0.016122992370383903,0.42373690309003137,0.054280007669252534,0.40185830429732877,0.053634145825871386,0.4117195914573234,0.05000858014469925,0.7804242765206457,0.028737406522393368,0.3197065065896395,0.0582186907813472,0.6562846252581868,0.028956039821611695,0.3763259447276489,0.03261172218185478
aeeem_pde,hybrid,xgboost,5,0.8216231884057972,0.02167816480641909,0.3832756377063709,0.062116010929415315,0.44459930313588847,0.06148314848735253,0.41108137486961027,0.05999464103143195,0.769918254271287,0.03980924493274087,0.30833713760718473,0.07178833584270192,0.6636820302365413,0.036920922387872965,0.38405618675314307,0.03504464655208349
aeeem_pde,hybrid,lightgbm,5,0.8356499442586399,0.01510689256196209,0.40788074702708854,0.056587977407064186,0.39210220673635304,0.05789956976225343,0.39955387249003915,0.05639209275743045,0.7645399704737122,0.040894993970844826,0.30468109656936815,0.06431744868280088,0.649850156244236,0.032164821402457085,0.37119382023130976,0.04082828882243915
aeeem_pde,hybrid,logistic_regression,10,0.7601431767337807,0.04465046813827151,0.28513022659364123,0.07406684745601684,0.44976190476190475,0.09285680368951761,0.34593279325068055,0.0763299198984524,0.690998638796604,0.05568260089550098,0.21949530856037652,0.09473335716446074,0.6301528758305648,0.05228861824729143,0.3636460945239202,0.0567552220429321
aeeem_pde,hybrid,random_forest,10,0.8389843400447428,0.03804751771568632,0.4259863533514093,0.1633588553114298,0.3733333333333333,0.12885917242855485,0.3935339709998634,0.1335277280693631,0.7819265930693983,0.055935139764121365,0.3049500288472383,0.15751618039857596,0.6439613614341086,0.07291316487532183,0.3981391675916782,0.07936671805608729
aeeem_pde,hybrid,xgboost,10,0.8315928411633109,0.03488232279717022,0.4161397841289146,0.10838850462685953,0.45404761904761903,0.09894919051132792,0.43155560317202546,0.09752045619783628,0.7803685054448136,0.05643554590279334,0.33547904377777027,0.11698104398822942,0.6734415663067553,0.05849005444653189,0.42054973839307097,0.08155333112359411
aeeem_pde,hybrid,lightgbm,10,0.8242774049217003,0.02448616417346247,0.3636154003935671,0.09172656208446475,0.3157142857142857,0.06756947284737211,0.3346285849035349,0.0685028824966237,0.765357661960133,0.057483143525536184,0.23705301764800715,0.08246422660951316,0.6112607281284607,0.03714396271961659,0.3912680174313739,0.07456937543226076
cm1,static,logistic_regression,5,0.7432634032634032,0.02548138479320331,0.2594312988353236,0.042232357171860135,0.5527777777777778,0.15416041028346233,0.3517524095095309,0.068392162669053,0.6940058479532164,0.07650614269708983,0.24208962566066167,0.09941303228745911,0.6623538011695906,0.07203835177932545,0.348500984200317,0.17896729934811906
cm1,static,random_forest,5,0.8075524475524476,0.03360065272088622,0.19047619047619047,0.11511356908222449,0.20833333333333331,0.14433756729740643,0.19619047619047617,0.12483095144998814,0.7362085769980508,0.07480558412683792,0.09194810870812349,0.10281637219877435,0.5515350877192982,0.048345192291773226,0.3317699004581124,0.0917206530225069
cm1,static,xgboost,5,0.8442890442890443,0.04378532093912003,0.4,0.10865337342004415,0.30277777777777776,0.15969202613116457,0.3220779220779221,0.10606502331997619,0.7769005847953216,0.045321178915704495,0.2539031278688956,0.1033716018763601,0.6127923976608186,0.06327830093246684,0.4194979290540731,0.07896843697029478
cm1,static,lightgbm,5,0.8227505827505828,0.04478940761009308,0.3352380952380952,0.2115660749780849,0.28055555555555556,0.16208993845439065,0.28673729778992935,0.1346258632948216,0.7452729044834309,0.06110438761587379,0.19860522279017964,0.16661174646508908,0.5911549707602338,0.08029780273608579,0.3902459175657505,0.07764818212471652
cm1,static,logistic_regression,10,0.743465909090909,0.04123265021627605,0.2726945276945277,0.05638730050731625,0.62,0.2250925735484551,0.3729398052927465,0.09001891599593624,0.7063546798029556,0.14169038344360158,0.2802839235114959,0.12254564575079945,0.6910344827586208,0.09146262450812433,0.4007498493384043,0.19282218148704902
cm1,static,random_forest,10,0.8076704545454545,0.04663274260663895,0.255,0.3086259872402193,0.215,0.20689503511576965,0.20777777777777776,0.18912838846958666,0.7369858374384237,0.13993628790939475,0.11550469742187197,0.22616762623116227,0.5550985221674877,0.09974802162438788,0.336040904185254,0.16211322085651075
cm1,static,xgboost,10,0.8322916666666667,0.07427587469222269,0.3491666666666666,0.3280236836526244,0.36,0.3007398284970656,0.3462332112332112,0.29764829949231025,0.7693288177339903,0.15795237042538637,0.2568136820287192,0.33913866534813697,0.6309852216748768,0.1626662245475409,0.4629975807299661,0.24808448093435956
cm1,static,lightgbm,10,0.8353219696969697,0.076869276389283,0.3661904761904762,0.37768739748527325,0.31,0.26853512081497105,0.32539682539682535,0.2982738241154583,0.7605726600985222,0.1536696846162326,0.24150323912794205,0.34385812151657213,0.6112807881773399,0.15013161297566652,0.44079943615895634,0.2639152142882079
kc1,static,logistic_regression,5,0.7448275862068966,0.13488004976281343,0.6789592760180996,0.1545482382997254,0.75,0.15590239111558088,0.7101379310344828,0.15056248085792404,0.8176470588235294,0.11964199126806063,0.4883631053775542,0.2671453653515235,0.7455882352941174,0.1351532905886484,0.7885419463621798,0.1409257586891783
kc1,static,random_forest,5,0.7448275862068965,0.08992003317520893,0.656302294197031,0.09987390995432473,0.8333333333333334,0.10206207261596575,0.7315651135005974,0.08872777371951625,0.825,0.09199506029565101,0.5133991870931562,0.16992224933791777,0.7578431372549019,0.08688716847806756,0.7712622336285195,0.1041407467963199
kc1,static,xgboost,5,0.7241379310344828,0.12902266850944624,0.6612971342383107,0.149015088994205,0.7499999999999999,0.11785113019775793,0.6972808545222339,0.1198033357543543,0.8245098039215687,0.1101251428933024,0.45589207978278273,0.24524328948743407,0.7279411764705882,0.12294055101945538,0.7501520517522839,0.12051298239739243
kc1,static,lightgbm,5,0.7310344827586206,0.10170952554312156,0.6592156862745098,0.11691068565293133,0.7666666666666666,0.09128709291752768,0.7056194125159643,0.09467184729169591,0.8215686274509804,0.08634967759322365,0.4698545639964215,0.191212359450142,0.7362745098039214,0.09639553512802458,0.7261391946976312,0.09102461235976604
kc1,static,logistic_regression,10,0.7714285714285714,0.16916494922220582,0.736031746031746,0.20756398635605067,0.7333333333333334,0.1956312984628779,0.7297202797202799,0.19293138171387225,0.8166666666666668,0.1663369795891602,0.5384650071225757,0.34012822296381273,0.7666666666666666,0.1696681886467912,0.8027197802197803,0.13761772445211265
kc1,static,random_forest,10,0.7514285714285716,0.18012621201528684,0.6890079365079365,0.19277311895756155,0.8,0.20487876571761973,0.7312454212454214,0.1867106943500905,0.8233796296296296,0.15617634676196465,0.5183606072044962,0.3508638157705245,0.7583333333333333,0.17755700991385084,0.8004226791726792,0.15545805706563098
kc1,static,xgboost,10,0.7647619047619048,0.16836175044334056,0.6969047619047619,0.18151645582133324,0.8166666666666668,0.18341748910243533,0.7465326340326339,0.17434154091442736,0.8141203703703704,0.15904067477549177,0.5426380695868225,0.32920066232651835,0.7715277777777778,0.1661982228540227,0.7770934620934621,0.15376076794052157
kc1,static,lightgbm,10,0.7447619047619047,0.18338932698140553,0.6824783549783549,0.178610971542614,0.8,0.18921540406584889,0.728110908699144,0.1719859426956739,0.8145833333333334,0.1408065909545481,0.504812658005033,0.35204093996177693,0.7520833333333334,0.1777756679080047,0.7709985847485846,0.14691022969955017
pc1,static,logistic_regression,5,0.8170212765957447,0.022088526953755214,0.2770114942528735,0.06062605514593376,0.7012820512820512,0.1748249805748727,0.39691388750622203,0.08951200135000759,0.842045567481614,0.06812460319807373,0.35963604937877114,0.11813581400052488,0.7644491651759096,0.08900696566043019,0.3900110525956863,0.16192547114127886
pc1,static,random_forest,5,0.8851063829787235,0.037326801040966716,0.3641941391941391,0.20982079783642102,0.32820512820512826,0.14479235398500187,0.34024242424242424,0.16519135905315446,0.8571045455674815,0.04763681784928146,0.28100068573508274,0.1889087386693706,0.6330342501490758,0.08345637833892737,0.3819825518271939,0.12657525516630388
pc1,static,xgboost,5,0.8567375886524822,0.024771984675990046,0.26590354090354096,0.09877503214331833,0.37564102564102564,0.15633667878480992,0.3098263305322129,0.11864100339612542,0.8568400914331147,0.040444506758441544,0.2379251342820829,0.13348910323258964,0.6388924604949315,0.08070240752040064,0.3787222559431202,0.13147743975499732
pc1,static,lightgbm,5,0.8893617021276595,0.02949877211785165,0.383897148603031,0.1561601784153169,0.39230769230769236,0.13085404489387695,0.38416117216117207,0.13452447055844888,0.8505692829457363,0.04279925343614103,0.3259241510523204,0.1505154073577127,0.6643042822003579,0.07181004301187638,0.3733584510294099,0.1463096530408279
pc1,static,logistic_regression,10,0.8141851106639839,0.026321901546345065,0.2696558704453441,0.057199121996293796,0.6904761904761905,0.2492114042556759,0.383177184879702,0.0893130490471518,0.8481124084249083,0.08414210704257849,0.3480375416449107,0.13091104718740532,0.7582669413919414,0.11331520370517195,0.45529768352151045,0.19289999017728135
pc1,static,random_forest,10,0.8908853118712274,0.0396567232282978,0.43503968253968245,0.2399494269908297,0.41428571428571426,0.18381199110113128,0.4006243756243756,0.1438490712793792,0.8702853136446886,0.08474026267876034,0.3544498335694509,0.17770255437950097,0.6753279532967034,0.09596142591494175,0.4829508608530153,0.1383927741065342
pc1,static,xgboost,10,0.8879678068410464,0.02701007714942294,0.40219696969696966,0.14822369754470816,0.4976190476190476,0.1628241867703631,0.4316642181348064,0.11911097925771301,0.8698603479853478,0.07714041465521763,0.3817656659163671,0.13589617065466778,0.71152586996337,0.07736212998238388,0.46494666631570236,0.17120395547316866
pc1,static,lightgbm,10,0.9035814889336017,0.029621278179616805,0.5175396825396825,0.22680752185372896,0.46190476190476193,0.19349460263708926,0.44621156621156616,0.12790067304096553,0.8721480082417583,0.07366017593765578,0.41673007141658464,0.13483749413182541,0.7037889194139194,0.08960349106004707,0.475695754604205,0.15551674179379882
pc3,static,logistic_regression,5,0.7818403375112639,0.010434359600558697,0.26834820006371457,0.017362970207346923,0.65625,0.06987712429686843,0.380586701434159,0.027151180377364897,0.798960981189629,0.031028979276355024,0.3165152753507014,0.03887322236807903,0.7262109176410777,0.031223455033085292,0.34640957501394654,0.05689665353524204
pc3,static,random_forest,5,0.8605124109117719,0.015579200247660631,0.3615675990675991,0.046208759067222646,0.45625,0.04739297152532219,0.4017814715553782,0.03611507795779761,0.8351405614514489,0.03798391526199213,0.32809582896126566,0.042824956451892306,0.6814346085409253,0.022987556725570905,0.37207566426710376,0.04503926988666214
pc3,static,xgboost,5,0.8605083149012861,0.012538259589337436,0.37037507977256984,0.0320902728629973,0.50625,0.040745015032516554,0.4266265866140146,0.025471760837938985,0.8280691567107269,0.021560381076638945,0.35582981288613336,0.029807580241814912,0.7035774656837824,0.017860371138445862,0.346456913479933,0.033035950854779006
pc3,static,lightgbm,5,0.8726591300073728,0.016893513467703864,0.37835294117647056,0.08126754387234454,0.3625,0.06846531968814576,0.36867950452290815,0.06828753351594681,0.8170554381672599,0.03246202097881409,0.29903418823220485,0.07755061352864427,0.6466719623792578,0.03688540159582884,0.3443808506507309,0.05140638341560969
pc3,static,logistic_regression,10,0.7748040176384124,0.027139077198735904,0.26054960782714587,0.04716414764196901,0.65,0.11858541225631422,0.37147639941757593,0.0658196752952235,0.8053523936170214,0.0606869750781395,0.30534883057970946,0.0877641322533009,0.7195136778115502,0.06291741281384368,0.37764975467542994,0.1119371016103319
pc3,static,random_forest,10,0.8630981544994283,0.01156361481948773,0.36830266695659075,0.04763158295015287,0.48125,0.11043631900582142,0.41490196078431374,0.06658254847349235,0.8545212765957448,0.04583889581176194,0.3445223401069082,0.0753633818644301,0.6939406028368794,0.05162873749982056,0.41657005660523866,0.0888717522914766
pc3,static,xgboost,10,0.8489996733627307,0.02706936266314732,0.33307977047107484,0.09001812495976791,0.475,0.13881942707464734,0.3907300206968834,0.10771194242222838,0.8170228596757851,0.05374676107907032,0.31454012906327766,0.125004628119723,0.683323201621074,0.07467637329654789,0.3595810994938114,0.09251038425693392
pc3,static,lightgbm,10,0.8752449779519843,0.020492125520569556,0.4007158772599949,0.09751590854566496,0.40625,0.09882117688026186,0.39952502289027303,0.0852760240767757,0.8296925658561298,0.05975589969076155,0.33259624668716964,0.09623361202203752,0.6674867021276596,0.05015350537161638,0.39605261694995625,0.0949501757680149
